Date,value
2010-12-17,122.5
2010-12-20,122.5
2010-12-21,123.25
2010-12-22,125.5
2010-12-23,125.25
2010-12-27,125.0
2010-12-28,125.0
2010-12-29,131.0
2010-12-30,132.0
2010-12-31,132.0
2011-01-03,132.0
2011-01-04,128.25
2011-01-05,123.5
2011-01-06,126.25
2011-01-07,129.75
2011-01-10,130.25
2011-01-11,129.5
2011-01-12,128.25
2011-01-13,128.0
2011-01-14,127.5
2011-01-18,125.0
2011-01-19,125.75
2011-01-20,126.30000305175781
2011-01-21,125.94999694824219
2011-01-24,125.80000305175781
2011-01-25,124.8499984741211
2011-01-26,124.5
2011-01-27,124.19999694824219
2011-01-28,124.0
2011-01-31,119.25
2011-02-01,119.19999694824219
2011-02-02,120.55000305175781
2011-02-03,121.75
2011-02-04,122.05000305175781
2011-02-07,120.0
2011-02-08,119.5
2011-02-09,119.25
2011-02-10,119.25
2011-02-11,119.25
2011-02-14,119.19999694824219
2011-02-15,119.1500015258789
2011-02-16,119.0
2011-02-17,119.0
2011-02-18,119.05000305175781
2011-02-22,119.25
2011-02-23,119.30000305175781
2011-02-24,119.25
2011-02-25,119.19999694824219
2011-02-28,120.0
2011-03-01,119.75
2011-03-02,120.25
2011-03-03,121.0
2011-03-04,122.0
2011-03-07,123.25
2011-03-08,123.0
2011-03-09,123.0
2011-03-10,122.0
2011-03-11,122.5
2011-03-14,123.25
2011-03-15,124.25
2011-03-16,125.0
2011-03-17,124.75
2011-03-18,124.75
2011-03-21,125.0
2011-03-22,125.25
2011-03-23,125.25
2011-03-24,125.25
2011-03-25,125.5
2011-03-28,126.75
2011-03-29,125.5
2011-03-30,125.5
2011-03-31,127.5
2011-04-01,128.0
2011-04-04,129.75
2011-04-05,128.25
2011-04-06,128.5
2011-04-07,128.25
2011-04-08,128.5
2011-04-11,128.75
2011-04-12,128.25
2011-04-13,128.25
2011-04-14,128.0
2011-04-15,128.25
2011-04-18,128.0
2011-04-19,128.0
2011-04-20,128.0
2011-04-21,128.0
2011-04-25,128.0
2011-04-26,127.9000015258789
2011-04-27,127.8499984741211
2011-04-28,127.8499984741211
2011-04-29,127.8499984741211
2011-05-02,128.0
2011-05-03,127.75
2011-05-04,127.75
2011-05-05,126.55000305175781
2011-05-06,126.30000305175781
2011-05-09,125.8499984741211
2011-05-10,125.1500015258789
2011-05-11,124.69999694824219
2011-05-12,124.25
2011-05-13,123.6500015258789
2011-05-16,123.6500015258789
2011-05-17,123.55000305175781
2011-05-18,123.55000305175781
2011-05-19,123.5
2011-05-20,123.55000305175781
2011-05-23,123.3499984741211
2011-05-24,123.25
2011-05-25,123.0999984741211
2011-05-26,122.9000015258789
2011-05-27,122.80000305175781
2011-05-31,122.1500015258789
2011-06-01,121.8499984741211
2011-06-02,121.69999694824219
2011-06-03,122.1500015258789
2011-06-06,123.19999694824219
2011-06-07,123.8499984741211
2011-06-08,123.75
2011-06-09,123.55000305175781
2011-06-10,123.3499984741211
2011-06-13,123.5999984741211
2011-06-14,123.55000305175781
2011-06-15,123.44999694824219
2011-06-16,123.1500015258789
2011-06-17,123.0999984741211
2011-06-20,122.94999694824219
2011-06-21,122.80000305175781
2011-06-22,122.69999694824219
2011-06-23,122.6500015258789
2011-06-24,122.69999694824219
2011-06-27,120.80000305175781
2011-06-28,121.4000015258789
2011-06-29,122.44999694824219
2011-06-30,122.44999694824219
2011-07-01,122.44999694824219
2011-07-05,123.5
2011-07-06,123.1500015258789
2011-07-07,123.1500015258789
2011-07-08,122.94999694824219
2011-07-11,122.80000305175781
2011-07-12,122.80000305175781
2011-07-13,122.80000305175781
2011-07-14,122.9000015258789
2011-07-15,122.9000015258789
2011-07-18,122.8499984741211
2011-07-19,122.9000015258789
2011-07-20,122.94999694824219
2011-07-21,123.05000305175781
2011-07-22,123.0999984741211
2011-07-25,123.19999694824219
2011-07-26,123.25
2011-07-27,123.30000305175781
2011-07-28,123.4000015258789
2011-07-29,123.44999694824219
2011-08-01,125.5999984741211
2011-08-02,126.25
2011-08-03,126.3499984741211
2011-08-04,126.3499984741211
2011-08-05,126.19999694824219
2011-08-08,125.6500015258789
2011-08-09,125.0999984741211
2011-08-10,125.3499984741211
2011-08-11,125.44999694824219
2011-08-12,125.69999694824219
2011-08-15,125.69999694824219
2011-08-16,125.6500015258789
2011-08-17,125.5999984741211
2011-08-18,125.30000305175781
2011-08-19,125.05000305175781
2011-08-22,125.0
2011-08-23,124.94999694824219
2011-08-24,124.9000015258789
2011-08-25,124.8499984741211
2011-08-26,124.75
2011-08-29,124.4000015258789
2011-08-30,124.69999694824219
2011-08-31,125.6500015258789
2011-09-01,126.19999694824219
2011-09-02,126.1500015258789
2011-09-06,126.19999694824219
2011-09-07,126.19999694824219
2011-09-08,126.0
2011-09-09,125.30000305175781
2011-09-12,125.05000305175781
2011-09-13,124.6500015258789
2011-09-14,124.4000015258789
2011-09-15,124.5
2011-09-16,124.5
2011-09-19,124.44999694824219
2011-09-20,124.19999694824219
2011-09-21,124.19999694824219
2011-09-22,124.0
2011-09-23,123.94999694824219
2011-09-26,123.9000015258789
2011-09-27,123.6500015258789
2011-09-28,123.55000305175781
2011-09-29,123.44999694824219
2011-09-30,123.5
2011-10-03,119.80000305175781
2011-10-04,118.0999984741211
2011-10-05,118.25
2011-10-06,118.8499984741211
2011-10-07,118.69999694824219
2011-10-10,118.9000015258789
2011-10-11,118.8499984741211
2011-10-12,118.94999694824219
2011-10-13,117.75
2011-10-14,117.9000015258789
2011-10-17,117.9000015258789
2011-10-18,117.0
2011-10-19,116.25
2011-10-20,116.25
2011-10-21,117.0
2011-10-24,117.1500015258789
2011-10-25,117.30000305175781
2011-10-26,117.1500015258789
2011-10-27,117.44999694824219
2011-10-28,117.55000305175781
2011-10-31,117.69999694824219
2011-11-01,116.5
2011-11-02,116.5
2011-11-03,117.4000015258789
2011-11-04,117.55000305175781
2011-11-07,117.75
2011-11-08,117.5
2011-11-09,116.9000015258789
2011-11-10,116.5999984741211
2011-11-11,116.5999984741211
2011-11-14,116.44999694824219
2011-11-15,116.4000015258789
2011-11-16,116.44999694824219
2011-11-17,116.4000015258789
2011-11-18,116.3499984741211
2011-11-21,116.19999694824219
2011-11-22,116.19999694824219
2011-11-23,116.1500015258789
2011-11-25,115.3499984741211
2011-11-28,111.19999694824219
2011-11-29,111.0999984741211
2011-11-30,112.0
2011-12-01,111.94999694824219
2011-12-02,112.0999984741211
2011-12-05,112.0999984741211
2011-12-06,111.75
2011-12-07,111.3499984741211
2011-12-08,111.1500015258789
2011-12-09,111.19999694824219
2011-12-12,111.4000015258789
2011-12-13,111.4000015258789
2011-12-14,111.19999694824219
2011-12-15,111.0
2011-12-16,111.05000305175781
2011-12-19,111.0999984741211
2011-12-20,111.0999984741211
2011-12-21,111.1500015258789
2011-12-22,111.19999694824219
2011-12-23,111.25
2011-12-27,111.25
2011-12-28,111.30000305175781
2011-12-29,111.4000015258789
2011-12-30,111.5
2012-01-03,109.44999694824219
2012-01-04,109.5999984741211
2012-01-05,110.0999984741211
2012-01-06,110.05000305175781
2012-01-09,109.55000305175781
2012-01-10,109.0
2012-01-11,108.5
2012-01-12,108.30000305175781
2012-01-13,107.4000015258789
2012-01-17,106.5999984741211
2012-01-18,106.69999694824219
2012-01-19,106.69999694824219
2012-01-20,106.55000305175781
2012-01-23,106.4000015258789
2012-01-24,106.30000305175781
2012-01-25,106.25
2012-01-26,106.0999984741211
2012-01-27,106.0999984741211
2012-01-30,105.44999694824219
2012-01-31,102.94999694824219
2012-02-01,101.0999984741211
2012-02-02,101.80000305175781
2012-02-03,101.3499984741211
2012-02-06,100.94999694824219
2012-02-07,100.30000305175781
2012-02-08,99.80000305175781
2012-02-09,99.75
2012-02-10,99.3499984741211
2012-02-13,99.19999694824219
2012-02-14,99.1500015258789
2012-02-15,99.05000305175781
2012-02-16,99.1500015258789
2012-02-17,99.25
2012-02-21,99.30000305175781
2012-02-22,99.3499984741211
2012-02-23,99.4000015258789
2012-02-24,99.3499984741211
2012-02-27,100.75
2012-02-28,99.05000305175781
2012-02-29,97.75
2012-03-01,97.1500015258789
2012-03-02,96.55000305175781
2012-03-05,96.8499984741211
2012-03-06,96.75
2012-03-07,97.05000305175781
2012-03-08,97.44999694824219
2012-03-09,97.30000305175781
2012-03-12,97.0999984741211
2012-03-13,97.05000305175781
2012-03-14,96.80000305175781
2012-03-15,96.75
2012-03-16,96.80000305175781
2012-03-19,96.80000305175781
2012-03-20,96.75
2012-03-21,96.75
2012-03-22,96.75
2012-03-23,96.6500015258789
2012-03-26,96.6500015258789
2012-03-27,96.75
2012-03-28,96.8499984741211
2012-03-29,96.94999694824219
2012-03-30,97.0999984741211
2012-04-02,101.25
2012-04-03,99.75
2012-04-04,98.44999694824219
2012-04-05,98.30000305175781
2012-04-09,98.30000305175781
2012-04-10,97.8499984741211
2012-04-11,97.19999694824219
2012-04-12,97.4000015258789
2012-04-13,97.4000015258789
2012-04-16,97.0999984741211
2012-04-17,97.0
2012-04-18,97.0
2012-04-19,96.9000015258789
2012-04-20,96.8499984741211
2012-04-23,96.80000305175781
2012-04-24,96.6500015258789
2012-04-25,96.5
2012-04-26,96.4000015258789
2012-04-27,96.25
2012-04-30,91.19999694824219
2012-05-01,89.6500015258789
2012-05-02,88.5999984741211
2012-05-03,89.1500015258789
2012-05-04,88.9000015258789
2012-05-07,88.9000015258789
2012-05-08,87.1500015258789
2012-05-09,87.5999984741211
2012-05-10,88.30000305175781
2012-05-11,88.3499984741211
2012-05-14,87.80000305175781
2012-05-15,87.75
2012-05-16,87.4000015258789
2012-05-17,87.4000015258789
2012-05-18,86.9000015258789
2012-05-21,86.94999694824219
2012-05-22,86.5
2012-05-23,86.75
2012-05-24,86.75
2012-05-25,86.75
2012-05-29,89.05000305175781
2012-05-30,88.6500015258789
2012-05-31,88.25
2012-06-01,88.25
2012-06-04,88.25
2012-06-05,88.25
2012-06-06,87.55000305175781
2012-06-07,87.25
2012-06-08,86.94999694824219
2012-06-11,86.44999694824219
2012-06-12,86.30000305175781
2012-06-13,86.44999694824219
2012-06-14,86.0999984741211
2012-06-15,86.0999984741211
2012-06-18,86.0999984741211
2012-06-19,86.0999984741211
2012-06-20,86.19999694824219
2012-06-21,86.25
2012-06-22,86.4000015258789
2012-06-25,86.5
2012-06-26,86.6500015258789
2012-06-27,86.75
2012-06-28,86.8499984741211
2012-06-29,87.0
2012-07-02,90.0999984741211
2012-07-03,90.44999694824219
2012-07-05,89.69999694824219
2012-07-06,89.6500015258789
2012-07-09,89.5
2012-07-10,89.05000305175781
2012-07-11,88.8499984741211
2012-07-12,88.4000015258789
2012-07-13,88.5
2012-07-16,88.5999984741211
2012-07-17,88.75
2012-07-18,88.94999694824219
2012-07-19,89.0
2012-07-20,89.05000305175781
2012-07-23,89.0
2012-07-24,89.0
2012-07-25,89.0
2012-07-26,89.05000305175781
2012-07-27,89.1500015258789
2012-07-30,92.5
2012-07-31,94.1500015258789
2012-08-01,94.55000305175781
2012-08-02,93.5999984741211
2012-08-03,94.0999984741211
2012-08-06,94.80000305175781
2012-08-07,95.1500015258789
2012-08-08,95.3499984741211
2012-08-09,95.25
2012-08-10,95.0999984741211
2012-08-13,95.4000015258789
2012-08-14,95.25
2012-08-15,94.8499984741211
2012-08-16,94.5999984741211
2012-08-17,94.55000305175781
2012-08-20,94.44999694824219
2012-08-21,94.5
2012-08-22,94.44999694824219
2012-08-23,94.4000015258789
2012-08-24,94.30000305175781
2012-08-27,94.30000305175781
2012-08-28,94.19999694824219
2012-08-29,94.05000305175781
2012-08-30,93.94999694824219
2012-08-31,93.80000305175781
2012-09-04,92.5
2012-09-05,92.30000305175781
2012-09-06,92.30000305175781
2012-09-07,92.30000305175781
2012-09-10,91.6500015258789
2012-09-11,91.19999694824219
2012-09-12,90.75
2012-09-13,90.4000015258789
2012-09-14,90.5
2012-09-17,90.4000015258789
2012-09-18,90.30000305175781
2012-09-19,90.25
2012-09-20,90.19999694824219
2012-09-21,90.05000305175781
2012-09-24,89.9000015258789
2012-09-25,89.69999694824219
2012-09-26,89.5
2012-09-27,89.4000015258789
2012-09-28,89.30000305175781
2012-10-01,86.94999694824219
2012-10-02,87.25
2012-10-03,86.94999694824219
2012-10-04,87.4000015258789
2012-10-05,87.69999694824219
2012-10-08,87.9000015258789
2012-10-09,87.80000305175781
2012-10-10,87.4000015258789
2012-10-11,87.0
2012-10-12,86.5999984741211
2012-10-15,86.3499984741211
2012-10-16,86.4000015258789
2012-10-17,86.6500015258789
2012-10-18,86.69999694824219
2012-10-19,86.75
2012-10-22,86.80000305175781
2012-10-23,86.75
2012-10-24,86.69999694824219
2012-10-25,86.6500015258789
2012-10-26,86.5999984741211
2012-10-31,86.5999984741211
2012-11-05,86.55000305175781
2012-11-06,87.25
2012-11-07,86.8499984741211
2012-11-08,87.30000305175781
2012-11-09,87.25
2012-11-12,87.55000305175781
2012-11-13,87.3499984741211
2012-11-14,87.5
2012-11-15,88.05000305175781
2012-11-16,88.25
2012-11-19,88.4000015258789
2012-11-20,88.4000015258789
2012-11-21,88.44999694824219
2012-11-23,88.80000305175781
2012-11-26,88.94999694824219
2012-11-27,89.0999984741211
2012-11-28,89.25
2012-11-29,89.4000015258789
2012-11-30,89.5
2012-12-05,92.0999984741211
2012-12-06,91.30000305175781
2012-12-07,90.6500015258789
2012-12-10,90.44999694824219
2012-12-11,89.69999694824219
2012-12-12,89.1500015258789
2012-12-13,89.3499984741211
2012-12-14,89.5999984741211
2012-12-17,90.05000305175781
2012-12-18,90.25
2012-12-19,90.3499984741211
2012-12-20,90.25
2012-12-21,90.1500015258789
2012-12-24,90.1500015258789
2012-12-26,90.1500015258789
2012-12-27,90.0999984741211
2012-12-28,89.94999694824219
2012-12-31,89.95999908447266
2013-01-04,88.25
2013-01-07,87.3499984741211
2013-01-08,86.80000305175781
2013-01-09,86.80000305175781
2013-01-10,86.6500015258789
2013-01-11,86.44999694824219
2013-01-14,86.30000305175781
2013-01-15,86.19999694824219
2013-01-16,86.25
2013-01-17,86.25
2013-01-18,86.25
2013-01-22,86.25
2013-01-23,86.19999694824219
2013-01-24,86.19999694824219
2013-01-25,86.19999694824219
2013-01-28,86.22000122070312
2013-01-29,86.22000122070312
2013-01-31,86.22000122070312
2013-02-05,86.4000015258789
2013-02-06,86.44999694824219
2013-02-07,86.69999694824219
2013-02-08,87.44999694824219
2013-02-11,87.25
2013-02-12,87.19999694824219
2013-02-13,87.19999694824219
2013-02-14,87.1500015258789
2013-02-15,87.0999984741211
2013-02-19,87.3499984741211
2013-02-20,87.44999694824219
2013-02-21,87.55000305175781
2013-02-22,87.6500015258789
2013-02-25,87.66000366210938
2013-02-26,87.66000366210938
2013-03-05,88.19999694824219
2013-03-06,88.19999694824219
2013-03-07,88.19999694824219
2013-03-08,88.05000305175781
2013-03-11,88.05000305175781
2013-03-12,88.1500015258789
2013-03-13,87.8499984741211
2013-03-14,87.5999984741211
2013-03-15,87.44999694824219
2013-03-18,87.19999694824219
2013-03-19,86.94999694824219
2013-03-20,86.5999984741211
2013-03-21,86.3499984741211
2013-03-22,86.19999694824219
2013-03-25,86.05000305175781
2013-03-26,85.8499984741211
2013-03-27,85.55000305175781
2013-03-28,85.25
2013-04-02,78.25
2013-04-03,79.69999694824219
2013-04-04,80.3499984741211
2013-04-05,80.94999694824219
2013-04-08,81.1500015258789
2013-04-09,80.44999694824219
2013-04-10,80.6500015258789
2013-04-11,81.0999984741211
2013-04-12,81.4000015258789
2013-04-15,81.3499984741211
2013-04-16,81.6500015258789
2013-04-17,81.44999694824219
2013-04-18,81.55000305175781
2013-04-19,81.69999694824219
2013-04-22,81.8499984741211
2013-04-23,82.0
2013-04-24,82.1500015258789
2013-04-25,82.30000305175781
2013-04-26,82.44999694824219
2013-04-29,82.45999908447266
2013-04-30,82.45999908447266
2013-05-03,83.9000015258789
2013-05-06,83.9000015258789
2013-05-07,83.75
2013-05-08,83.75
2013-05-09,83.69999694824219
2013-05-10,83.30000305175781
2013-05-13,82.9000015258789
2013-05-14,83.0999984741211
2013-05-15,83.0
2013-05-16,82.69999694824219
2013-05-17,82.5
2013-05-20,82.55000305175781
2013-05-21,82.5
2013-05-22,82.44999694824219
2013-05-23,82.4000015258789
2013-05-24,82.3499984741211
2013-05-28,82.30000305175781
2013-05-29,82.19999694824219
2013-05-30,82.1500015258789
2013-05-31,82.05000305175781
2013-06-05,77.6500015258789
2013-06-06,77.4000015258789
2013-06-07,77.0999984741211
2013-06-10,76.3499984741211
2013-06-11,75.5
2013-06-12,75.19999694824219
2013-06-13,74.30000305175781
2013-06-14,74.3499984741211
2013-06-17,74.1500015258789
2013-06-18,74.30000305175781
2013-06-19,74.44999694824219
2013-06-20,74.6500015258789
2013-06-21,74.44999694824219
2013-06-24,74.4000015258789
2013-06-25,74.44999694824219
2013-06-26,74.4000015258789
2013-06-27,74.5
2013-06-28,74.5
2013-07-03,73.80000305175781
2013-07-05,74.4000015258789
2013-07-08,74.25
2013-07-09,74.30000305175781
2013-07-10,74.25
2013-07-11,74.25
2013-07-12,74.1500015258789
2013-07-15,74.30000305175781
2013-07-16,74.4000015258789
2013-07-17,74.44999694824219
2013-07-18,74.44999694824219
2013-07-19,74.4000015258789
2013-07-22,74.44999694824219
2013-07-23,74.55000305175781
2013-07-24,74.69999694824219
2013-07-25,74.80000305175781
2013-07-26,74.94999694824219
2013-07-29,74.94999694824219
2013-07-30,74.94999694824219
2013-08-05,75.4000015258789
2013-08-06,75.4000015258789
2013-08-07,75.30000305175781
2013-08-08,75.3499984741211
2013-08-09,75.5
2013-08-12,75.5999984741211
2013-08-13,75.44999694824219
2013-08-14,75.5999984741211
2013-08-15,75.5
2013-08-16,75.55000305175781
2013-08-19,75.55000305175781
2013-08-20,75.5
2013-08-21,75.55000305175781
2013-08-22,75.5999984741211
2013-08-23,75.5999984741211
2013-08-26,75.5999984741211
2013-08-27,75.6500015258789
2013-08-28,75.6500015258789
2013-08-29,75.6500015258789
2013-08-30,75.69999694824219
2013-09-04,76.3499984741211
2013-09-05,76.69999694824219
2013-09-06,76.1500015258789
2013-09-09,76.30000305175781
2013-09-10,76.1500015258789
2013-09-11,76.30000305175781
2013-09-12,76.44999694824219
2013-09-13,76.6500015258789
2013-09-16,76.5999984741211
2013-09-17,77.0
2013-09-18,77.25
2013-09-19,77.30000305175781
2013-09-20,77.3499984741211
2013-09-23,77.5999984741211
2013-09-24,77.80000305175781
2013-09-25,77.9000015258789
2013-09-26,78.0999984741211
2013-09-27,78.25
2013-10-03,82.5999984741211
2013-10-04,82.9000015258789
2013-10-07,83.1500015258789
2013-10-08,82.75
2013-10-09,82.69999694824219
2013-10-10,82.5999984741211
2013-10-11,82.4000015258789
2013-10-14,82.5
2013-10-15,82.44999694824219
2013-10-16,82.8499984741211
2013-10-17,83.4000015258789
2013-10-18,83.8499984741211
2013-10-21,83.55000305175781
2013-10-22,83.6500015258789
2013-10-23,83.9000015258789
2013-10-24,83.94999694824219
2013-10-25,84.0
2013-10-28,84.19000244140625
2013-10-29,84.19000244140625
2013-11-05,83.19999694824219
2013-11-06,83.9000015258789
2013-11-07,84.4000015258789
2013-11-08,84.1500015258789
2013-11-11,84.0999984741211
2013-11-12,83.30000305175781
2013-11-13,83.0999984741211
2013-11-14,83.3499984741211
2013-11-15,83.5
2013-11-18,83.5999984741211
2013-11-19,83.80000305175781
2013-11-20,84.5
2013-11-21,84.44999694824219
2013-11-22,84.44999694824219
2013-11-25,84.5
2013-11-26,84.5999984741211
2013-11-27,84.4000015258789
2013-11-29,84.5999984741211
2013-12-04,81.9000015258789
2013-12-05,83.05000305175781
2013-12-06,83.44999694824219
2013-12-09,84.0999984741211
2013-12-10,84.55000305175781
2013-12-11,85.1500015258789
2013-12-12,85.80000305175781
2013-12-13,85.80000305175781
2013-12-16,85.55000305175781
2013-12-17,85.25
2013-12-18,85.25
2013-12-19,85.0999984741211
2013-12-20,85.0
2013-12-23,85.05000305175781
2013-12-24,85.05000305175781
2013-12-26,85.05000305175781
2013-12-27,84.6500015258789
2013-12-30,84.62999725341797
2013-12-31,84.62999725341797
2014-01-03,81.0
2014-01-06,79.9000015258789
2014-01-07,79.69999694824219
2014-01-08,82.3499984741211
2014-01-09,83.94999694824219
2014-01-10,83.5
2014-01-13,83.94999694824219
2014-01-14,83.80000305175781
2014-01-15,84.4000015258789
2014-01-16,84.5
2014-01-17,84.44999694824219
2014-01-21,83.75
2014-01-22,83.4000015258789
2014-01-23,83.25
2014-01-24,83.30000305175781
2014-01-27,83.30000305175781
2014-01-28,83.19999694824219
2014-01-29,83.3499984741211
2014-01-30,83.30000305175781
2014-01-31,83.1500015258789
2014-02-05,80.3499984741211
2014-02-06,80.1500015258789
2014-02-07,79.55000305175781
2014-02-10,79.05000305175781
2014-02-11,79.30000305175781
2014-02-12,79.30000305175781
2014-02-13,79.19999694824219
2014-02-14,79.3499984741211
2014-02-18,78.30000305175781
2014-02-19,77.80000305175781
2014-02-20,77.4000015258789
2014-02-21,77.4000015258789
2014-02-24,77.1500015258789
2014-02-25,77.0999984741211
2014-02-26,77.0999984741211
2014-02-27,77.0999984741211
2014-02-28,77.19999694824219
2014-03-05,73.1500015258789
2014-03-06,73.75
2014-03-07,73.6500015258789
2014-03-10,73.6500015258789
2014-03-11,74.69999694824219
2014-03-12,75.3499984741211
2014-03-13,75.5
2014-03-14,75.75
2014-03-17,75.9000015258789
2014-03-18,75.69999694824219
2014-03-19,75.4000015258789
2014-03-20,75.1500015258789
2014-03-21,75.4000015258789
2014-03-24,75.30000305175781
2014-03-25,75.1500015258789
2014-03-26,75.19999694824219
2014-03-27,75.1500015258789
2014-03-28,75.1500015258789
2014-03-31,75.12999725341797
2014-04-03,76.55000305175781
2014-04-04,76.25
2014-04-07,76.6500015258789
2014-04-08,75.94999694824219
2014-04-09,76.1500015258789
2014-04-10,76.6500015258789
2014-04-11,76.69999694824219
2014-04-14,77.0999984741211
2014-04-15,77.4000015258789
2014-04-16,77.4000015258789
2014-04-17,77.0
2014-04-21,77.0
2014-04-22,76.69999694824219
2014-04-23,76.80000305175781
2014-04-24,76.80000305175781
2014-04-25,76.8499984741211
2014-04-28,76.87000274658203
2014-04-29,76.87000274658203
2014-05-05,74.9000015258789
2014-05-06,75.1500015258789
2014-05-07,74.8499984741211
2014-05-08,75.1500015258789
2014-05-09,75.1500015258789
2014-05-12,75.0999984741211
2014-05-13,75.0999984741211
2014-05-14,75.25
2014-05-15,75.30000305175781
2014-05-16,75.25
2014-05-19,75.05000305175781
2014-05-20,74.94999694824219
2014-05-21,75.05000305175781
2014-05-22,75.0
2014-05-23,74.94999694824219
2014-05-27,74.8499984741211
2014-05-28,74.80000305175781
2014-05-29,74.8499984741211
2014-05-30,74.8499984741211
2014-06-04,73.75
2014-06-05,73.05000305175781
2014-06-06,72.69999694824219
2014-06-09,72.69999694824219
2014-06-10,72.69999694824219
2014-06-11,72.55000305175781
2014-06-12,72.55000305175781
2014-06-13,72.9000015258789
2014-06-16,73.0
2014-06-17,72.80000305175781
2014-06-18,72.55000305175781
2014-06-19,72.5999984741211
2014-06-20,72.44999694824219
2014-06-23,72.30000305175781
2014-06-24,72.25
2014-06-25,72.4000015258789
2014-06-26,72.3499984741211
2014-06-27,72.30000305175781
2014-06-30,72.31999969482422
2014-07-03,72.8499984741211
2014-07-07,72.9000015258789
2014-07-08,72.80000305175781
2014-07-09,72.44999694824219
2014-07-10,72.4000015258789
2014-07-11,72.44999694824219
2014-07-14,72.80000305175781
2014-07-15,72.9000015258789
2014-07-16,72.9000015258789
2014-07-17,73.0
2014-07-18,72.94999694824219
2014-07-21,73.0999984741211
2014-07-22,73.25
2014-07-23,73.44999694824219
2014-07-24,73.5
2014-07-25,73.3499984741211
2014-07-28,73.36000061035156
2014-07-29,73.36000061035156
2014-08-05,76.94999694824219
2014-08-06,77.05000305175781
2014-08-07,77.80000305175781
2014-08-08,78.0
2014-08-11,77.5999984741211
2014-08-12,77.4000015258789
2014-08-13,77.44999694824219
2014-08-14,77.0
2014-08-15,77.0
2014-08-18,76.8499984741211
2014-08-19,76.8499984741211
2014-08-20,76.9000015258789
2014-08-21,77.0
2014-08-22,77.0
2014-08-25,77.0
2014-08-26,77.05000305175781
2014-08-27,77.0
2014-08-28,77.0
2014-08-29,77.0
2014-09-03,76.1500015258789
2014-09-04,75.69999694824219
2014-09-05,75.30000305175781
2014-09-08,75.8499984741211
2014-09-09,75.19999694824219
2014-09-10,75.4000015258789
2014-09-11,75.5
2014-09-12,75.75
2014-09-15,75.5999984741211
2014-09-16,75.30000305175781
2014-09-17,75.19999694824219
2014-09-18,75.1500015258789
2014-09-19,75.1500015258789
2014-09-22,75.0999984741211
2014-09-23,75.0
2014-09-24,75.0
2014-09-25,75.0
2014-09-26,75.0999984741211
2014-09-29,75.08999633789062
2014-09-30,75.08999633789062
2014-10-03,72.4000015258789
2014-10-06,72.1500015258789
2014-10-07,72.3499984741211
2014-10-08,72.69999694824219
2014-10-09,72.44999694824219
2014-10-10,72.4000015258789
2014-10-13,72.25
2014-10-14,72.05000305175781
2014-10-15,72.1500015258789
2014-10-16,72.0
2014-10-17,71.9000015258789
2014-10-20,72.0
2014-10-21,72.25
2014-10-22,72.80000305175781
2014-10-23,72.8499984741211
2014-10-24,72.8499984741211
2014-10-27,72.8499984741211
2014-10-28,72.8499984741211
2014-10-29,72.8499984741211
2014-10-30,72.8499984741211
2014-10-31,72.9000015258789
2014-11-05,71.55000305175781
2014-11-06,71.19999694824219
2014-11-07,72.0
2014-11-10,73.0
2014-11-11,73.6500015258789
2014-11-12,73.4000015258789
2014-11-13,73.75
2014-11-14,73.55000305175781
2014-11-17,73.9000015258789
2014-11-18,74.0999984741211
2014-11-19,74.05000305175781
2014-11-20,73.94999694824219
2014-11-21,74.0
2014-11-24,74.0
2014-11-25,74.0999984741211
2014-11-26,74.0999984741211
2014-11-28,74.1500015258789
2014-12-03,72.1500015258789
2014-12-04,72.0999984741211
2014-12-05,71.94999694824219
2014-12-08,71.6500015258789
2014-12-09,71.80000305175781
2014-12-10,71.6500015258789
2014-12-11,71.8499984741211
2014-12-12,71.5999984741211
2014-12-15,71.55000305175781
2014-12-16,71.30000305175781
2014-12-17,71.25
2014-12-18,71.25
2014-12-19,71.19999694824219
2014-12-22,71.30000305175781
2014-12-23,71.19999694824219
2014-12-24,70.94999694824219
2014-12-26,71.19999694824219
2014-12-29,70.95999908447266
2015-01-05,63.650001525878906
2015-01-06,62.70000076293945
2015-01-07,60.900001525878906
2015-01-08,60.599998474121094
2015-01-09,60.150001525878906
2015-01-12,59.400001525878906
2015-01-13,59.849998474121094
2015-01-14,58.599998474121094
2015-01-15,58.150001525878906
2015-01-16,57.900001525878906
2015-01-20,58.150001525878906
2015-01-21,58.75
2015-01-22,58.75
2015-01-23,58.54999923706055
2015-01-26,58.599998474121094
2015-01-27,58.70000076293945
2015-01-28,58.849998474121094
2015-01-29,58.849998474121094
2015-01-30,58.95000076293945
2015-02-04,58.599998474121094
2015-02-05,60.900001525878906
2015-02-06,61.25
2015-02-09,61.79999923706055
2015-02-10,61.25
2015-02-11,62.150001525878906
2015-02-12,62.5
2015-02-13,62.5
2015-02-17,62.349998474121094
2015-02-18,62.20000076293945
2015-02-19,62.25
2015-02-20,62.099998474121094
2015-02-23,62.0
2015-02-24,61.75
2015-02-25,61.79999923706055
2015-02-26,61.79999923706055
2015-02-27,61.900001525878906
2015-03-04,62.79999923706055
2015-03-05,62.650001525878906
2015-03-06,61.79999923706055
2015-03-09,61.849998474121094
2015-03-10,61.900001525878906
2015-03-11,62.20000076293945
2015-03-12,62.20000076293945
2015-03-13,62.0
2015-03-16,61.650001525878906
2015-03-17,61.349998474121094
2015-03-18,61.349998474121094
2015-03-19,61.099998474121094
2015-03-20,61.0
2015-03-23,60.95000076293945
2015-03-24,61.0
2015-03-25,61.0
2015-03-26,61.0
2015-03-27,61.04999923706055
2015-03-30,61.06999969482422
2015-03-31,61.06999969482422
2015-04-06,58.650001525878906
2015-04-07,57.54999923706055
2015-04-08,57.599998474121094
2015-04-09,58.400001525878906
2015-04-10,59.099998474121094
2015-04-13,59.349998474121094
2015-04-14,59.5
2015-04-15,59.599998474121094
2015-04-16,59.95000076293945
2015-04-17,59.95000076293945
2015-04-20,59.79999923706055
2015-04-21,59.75
2015-04-22,59.599998474121094
2015-04-23,59.599998474121094
2015-04-24,59.599998474121094
2015-04-27,59.58000183105469
2015-04-28,59.58000183105469
2015-05-05,60.150001525878906
2015-05-06,60.0
2015-05-07,59.75
2015-05-08,59.599998474121094
2015-05-11,59.650001525878906
2015-05-12,59.29999923706055
2015-05-13,59.29999923706055
2015-05-14,59.150001525878906
2015-05-15,59.04999923706055
2015-05-18,59.099998474121094
2015-05-19,58.900001525878906
2015-05-20,58.79999923706055
2015-05-21,58.75
2015-05-22,58.79999923706055
2015-05-26,58.79999923706055
2015-05-27,58.849998474121094
2015-05-28,58.79999923706055
2015-05-29,58.849998474121094
2015-06-03,57.5
2015-06-04,56.900001525878906
2015-06-05,56.79999923706055
2015-06-08,56.849998474121094
2015-06-09,56.70000076293945
2015-06-10,56.75
2015-06-11,57.25
2015-06-12,57.75
2015-06-15,57.849998474121094
2015-06-16,57.849998474121094
2015-06-17,57.900001525878906
2015-06-18,58.0
2015-06-19,58.0
2015-06-22,58.20000076293945
2015-06-23,58.20000076293945
2015-06-24,58.099998474121094
2015-06-25,58.20000076293945
2015-06-26,58.20000076293945
2015-06-29,58.18000030517578
2015-06-30,58.18000030517578
2015-07-06,58.5
2015-07-07,58.04999923706055
2015-07-08,58.29999923706055
2015-07-09,58.54999923706055
2015-07-10,58.75
2015-07-13,58.54999923706055
2015-07-14,58.599998474121094
2015-07-15,58.45000076293945
2015-07-16,58.349998474121094
2015-07-17,58.400001525878906
2015-07-20,58.54999923706055
2015-07-21,58.599998474121094
2015-07-22,58.54999923706055
2015-07-23,58.5
2015-07-24,58.54999923706055
2015-07-27,58.5
2015-07-28,58.45000076293945
2015-07-29,58.45000076293945
2015-07-30,58.45000076293945
2015-07-31,58.45000076293945
2015-08-05,57.45000076293945
2015-08-06,57.900001525878906
2015-08-07,57.150001525878906
2015-08-10,57.400001525878906
2015-08-11,56.400001525878906
2015-08-12,56.45000076293945
2015-08-13,56.54999923706055
2015-08-14,56.29999923706055
2015-08-17,56.349998474121094
2015-08-18,56.04999923706055
2015-08-19,56.0
2015-08-20,55.900001525878906
2015-08-21,55.900001525878906
2015-08-24,55.75
2015-08-25,55.75
2015-08-26,55.75
2015-08-27,55.79999923706055
2015-08-28,55.849998474121094
2015-08-31,55.869998931884766
2015-09-03,55.25
2015-09-04,54.5
2015-09-08,53.95000076293945
2015-09-09,53.599998474121094
2015-09-10,53.849998474121094
2015-09-11,53.849998474121094
2015-09-14,53.599998474121094
2015-09-15,53.54999923706055
2015-09-16,54.20000076293945
2015-09-17,54.150001525878906
2015-09-18,54.099998474121094
2015-09-21,54.0
2015-09-22,53.900001525878906
2015-09-23,53.95000076293945
2015-09-24,53.900001525878906
2015-09-25,53.900001525878906
2015-09-28,53.88999938964844
2015-09-29,53.88999938964844
2015-10-05,51.95000076293945
2015-10-06,52.599998474121094
2015-10-07,52.25
2015-10-08,52.150001525878906
2015-10-09,52.400001525878906
2015-10-12,52.04999923706055
2015-10-13,51.900001525878906
2015-10-14,51.650001525878906
2015-10-15,51.75
2015-10-16,51.900001525878906
2015-10-19,51.900001525878906
2015-10-20,52.0
2015-10-21,51.95000076293945
2015-10-22,51.95000076293945
2015-10-23,52.150001525878906
2015-10-26,52.349998474121094
2015-10-27,52.349998474121094
2015-10-28,52.349998474121094
2015-10-29,52.650001525878906
2015-10-30,52.54999923706055
2015-11-04,53.099998474121094
2015-11-05,53.099998474121094
2015-11-06,53.29999923706055
2015-11-09,53.150001525878906
2015-11-10,53.25
2015-11-11,53.45000076293945
2015-11-12,53.45000076293945
2015-11-13,53.5
2015-11-16,53.849998474121094
2015-11-17,54.400001525878906
2015-11-18,54.599998474121094
2015-11-19,54.5
2015-11-20,54.349998474121094
2015-11-23,54.0
2015-11-24,53.900001525878906
2015-11-25,53.900001525878906
2015-11-27,53.79999923706055
2015-11-30,53.779998779296875
2015-12-03,48.900001525878906
2015-12-04,48.650001525878906
2015-12-07,47.75
2015-12-08,47.400001525878906
2015-12-09,47.45000076293945
2015-12-10,47.400001525878906
2015-12-11,47.400001525878906
2015-12-14,47.650001525878906
2015-12-15,47.79999923706055
2015-12-16,47.79999923706055
2015-12-17,47.75
2015-12-18,47.75
2015-12-21,47.70000076293945
2015-12-22,47.75
2015-12-23,47.79999923706055
2015-12-24,47.849998474121094
2015-12-28,48.099998474121094
2015-12-29,48.099998474121094
2015-12-30,48.099998474121094
2015-12-31,48.099998474121094
2016-01-05,47.75
2016-01-06,48.400001525878906
2016-01-07,48.5
2016-01-08,47.20000076293945
2016-01-11,46.70000076293945
2016-01-12,46.20000076293945
2016-01-13,45.849998474121094
2016-01-14,45.849998474121094
2016-01-15,45.400001525878906
2016-01-19,45.54999923706055
2016-01-20,45.5
2016-01-21,45.75
2016-01-22,45.849998474121094
2016-01-25,45.599998474121094
2016-01-26,45.70000076293945
2016-01-27,45.70000076293945
2016-01-28,45.79999923706055
2016-01-29,45.75
2016-02-03,45.20000076293945
2016-02-04,44.5
2016-02-05,44.20000076293945
2016-02-08,44.150001525878906
2016-02-09,43.70000076293945
2016-02-10,43.650001525878906
2016-02-11,43.599998474121094
2016-02-12,43.54999923706055
2016-02-16,43.400001525878906
2016-02-17,43.54999923706055
2016-02-18,43.45000076293945
2016-02-19,43.45000076293945
2016-02-22,43.5
2016-02-23,44.0
2016-02-24,43.79999923706055
2016-02-25,43.79999923706055
2016-02-26,43.900001525878906
2016-02-29,43.880001068115234
2016-03-02,44.75
2016-03-03,46.0
2016-03-04,46.349998474121094
2016-03-07,46.650001525878906
2016-03-08,46.29999923706055
2016-03-09,46.5
2016-03-10,46.5
2016-03-11,46.400001525878906
2016-03-14,45.900001525878906
2016-03-15,45.849998474121094
2016-03-16,45.95000076293945
2016-03-17,46.400001525878906
2016-03-18,46.599998474121094
2016-03-21,46.54999923706055
2016-03-22,46.5
2016-03-23,46.25
2016-03-24,46.20000076293945
2016-03-28,46.189998626708984
2016-03-29,46.189998626708984
2016-03-30,46.189998626708984
2016-04-04,44.650001525878906
2016-04-05,44.70000076293945
2016-04-06,44.45000076293945
2016-04-07,44.04999923706055
2016-04-08,44.75
2016-04-11,44.95000076293945
2016-04-12,44.849998474121094
2016-04-13,44.849998474121094
2016-04-14,45.599998474121094
2016-04-15,45.70000076293945
2016-04-18,46.04999923706055
2016-04-19,46.04999923706055
2016-04-20,45.70000076293945
2016-04-21,45.599998474121094
2016-04-22,45.650001525878906
2016-04-25,45.650001525878906
2016-04-26,45.650001525878906
2016-04-27,45.75
2016-04-28,45.79999923706055
2016-04-29,45.75
2016-05-04,45.849998474121094
2016-05-05,46.400001525878906
2016-05-06,47.349998474121094
2016-05-09,47.20000076293945
2016-05-10,47.400001525878906
2016-05-11,47.849998474121094
2016-05-12,47.900001525878906
2016-05-13,47.900001525878906
2016-05-16,48.20000076293945
2016-05-17,48.25
2016-05-18,47.95000076293945
2016-05-19,47.900001525878906
2016-05-20,47.900001525878906
2016-05-23,47.79999923706055
2016-05-24,47.95000076293945
2016-05-25,48.04999923706055
2016-05-26,48.20000076293945
2016-05-27,48.150001525878906
2016-05-31,48.150001525878906
2016-06-01,48.150001525878906
2016-06-02,51.04999923706055
2016-06-03,51.70000076293945
2016-06-06,52.79999923706055
2016-06-07,52.0
2016-06-08,51.0
2016-06-09,50.75
2016-06-10,50.54999923706055
2016-06-13,50.400001525878906
2016-06-14,50.400001525878906
2016-06-15,50.5
2016-06-16,50.70000076293945
2016-06-17,50.900001525878906
2016-06-20,51.29999923706055
2016-06-21,51.20000076293945
2016-06-22,51.29999923706055
2016-06-23,51.29999923706055
2016-06-24,51.54999923706055
2016-06-27,51.540000915527344
2016-06-28,51.540000915527344
2016-07-05,56.75
2016-07-06,56.54999923706055
2016-07-07,57.150001525878906
2016-07-08,56.5
2016-07-11,56.349998474121094
2016-07-12,57.79999923706055
2016-07-13,58.349998474121094
2016-07-14,58.099998474121094
2016-07-15,58.0
2016-07-18,58.0
2016-07-19,57.29999923706055
2016-07-20,57.150001525878906
2016-07-21,57.04999923706055
2016-07-22,56.79999923706055
2016-07-25,57.0
2016-07-26,57.20000076293945
2016-07-27,57.20000076293945
2016-07-28,57.150001525878906
2016-07-29,57.04999923706055
2016-08-01,57.029998779296875
2016-08-02,61.650001525878906
2016-08-03,61.20000076293945
2016-08-04,59.29999923706055
2016-08-05,57.75
2016-08-08,60.099998474121094
2016-08-09,60.900001525878906
2016-08-10,60.0
2016-08-11,60.75
2016-08-12,61.45000076293945
2016-08-15,61.349998474121094
2016-08-16,61.0
2016-08-17,61.150001525878906
2016-08-18,60.75
2016-08-19,60.099998474121094
2016-08-22,60.400001525878906
2016-08-23,60.349998474121094
2016-08-24,60.25
2016-08-25,60.25
2016-08-26,60.25
2016-08-29,60.22999954223633
2016-08-30,60.22999954223633
2016-08-31,60.22999954223633
2016-09-06,61.75
2016-09-07,60.5
2016-09-08,60.0
2016-09-09,60.099998474121094
2016-09-12,60.150001525878906
2016-09-13,60.25
2016-09-14,60.5
2016-09-15,60.900001525878906
2016-09-16,61.150001525878906
2016-09-19,61.5
2016-09-20,61.5
2016-09-21,61.95000076293945
2016-09-22,61.95000076293945
2016-09-23,62.400001525878906
2016-09-26,62.5
2016-09-27,62.400001525878906
2016-09-28,62.79999923706055
2016-09-29,62.900001525878906
2016-09-30,62.849998474121094
2016-10-03,62.83000183105469
2016-10-04,62.83000183105469
2016-10-05,75.75
2016-10-06,77.25
2016-10-07,76.69999694824219
2016-10-11,74.0999984741211
2016-10-12,74.9000015258789
2016-10-13,74.69999694824219
2016-10-14,75.69999694824219
2016-10-17,77.25
2016-10-18,80.05000305175781
2016-10-19,78.25
2016-10-20,78.3499984741211
2016-10-21,79.44999694824219
2016-10-24,79.0999984741211
2016-10-25,79.19999694824219
2016-10-26,79.25
2016-10-27,79.30000305175781
2016-10-28,79.0999984741211
2016-10-31,79.12000274658203
2016-11-01,79.12000274658203
2016-11-02,84.94999694824219
2016-11-03,85.94999694824219
2016-11-04,87.05000305175781
2016-11-07,87.75
2016-11-08,87.0999984741211
2016-11-09,89.55000305175781
2016-11-10,89.19999694824219
2016-11-14,88.6500015258789
2016-11-15,88.25
2016-11-16,86.4000015258789
2016-11-17,86.69999694824219
2016-11-18,86.5
2016-11-21,86.80000305175781
2016-11-22,86.69999694824219
2016-11-23,86.3499984741211
2016-11-25,86.80000305175781
2016-11-28,86.77999877929688
2016-11-29,86.77999877929688
2016-11-30,85.9000015258789
2016-12-01,85.1500015258789
2016-12-02,84.30000305175781
2016-12-05,83.0999984741211
2016-12-06,79.3499984741211
2016-12-07,80.30000305175781
2016-12-08,82.6500015258789
2016-12-09,85.30000305175781
2016-12-12,86.1500015258789
2016-12-13,87.5
2016-12-14,88.69999694824219
2016-12-15,89.4000015258789
2016-12-16,89.30000305175781
2016-12-19,89.25
2016-12-20,89.30000305175781
2016-12-21,90.4000015258789
2016-12-22,90.4000015258789
2016-12-23,90.44999694824219
2016-12-27,90.44999694824219
2016-12-28,90.75
2016-12-29,90.55000305175781
2016-12-30,90.0999984741211
2017-01-03,90.08000183105469
2017-01-04,90.08000183105469
2017-01-05,85.6500015258789
2017-01-06,85.1500015258789
2017-01-09,84.25
2017-01-10,86.75
2017-01-11,88.55000305175781
2017-01-12,88.94999694824219
2017-01-13,88.44999694824219
2017-01-17,89.75
2017-01-18,88.94999694824219
2017-01-19,88.75
2017-01-20,89.30000305175781
2017-01-23,89.4000015258789
2017-01-24,89.19999694824219
2017-01-25,88.75
2017-01-26,88.55000305175781
2017-01-27,88.5
2017-01-30,88.4800033569336
2017-01-31,88.4800033569336
2017-02-01,85.30000305175781
2017-02-02,85.19999694824219
2017-02-03,84.44999694824219
2017-02-06,84.25
2017-02-07,84.05000305175781
2017-02-08,83.25
2017-02-09,82.69999694824219
2017-02-10,81.1500015258789
2017-02-13,80.30000305175781
2017-02-14,80.4000015258789
2017-02-15,81.5
2017-02-16,81.5999984741211
2017-02-17,81.8499984741211
2017-02-21,82.3499984741211
2017-02-22,82.19999694824219
2017-02-23,82.3499984741211
2017-02-24,82.25
2017-02-27,82.26000213623047
2017-02-28,82.26000213623047
2017-03-01,78.9000015258789
2017-03-02,77.69999694824219
2017-03-03,76.75
2017-03-06,76.80000305175781
2017-03-07,75.9000015258789
2017-03-08,76.1500015258789
2017-03-09,74.9000015258789
2017-03-10,75.4000015258789
2017-03-13,75.75
2017-03-14,74.80000305175781
2017-03-15,75.0999984741211
2017-03-16,74.75
2017-03-17,74.80000305175781
2017-03-20,74.0999984741211
2017-03-21,73.9000015258789
2017-03-22,73.69999694824219
2017-03-23,74.05000305175781
2017-03-24,74.05000305175781
2017-03-27,73.25
2017-03-28,73.5
2017-03-29,73.5
2017-03-30,73.5
2017-03-31,73.3499984741211
2017-04-03,76.75
2017-04-04,76.69999694824219
2017-04-05,77.05000305175781
2017-04-06,77.75
2017-04-07,76.75
2017-04-10,75.5
2017-04-11,75.3499984741211
2017-04-12,74.9000015258789
2017-04-13,75.55000305175781
2017-04-17,75.55000305175781
2017-04-18,75.55000305175781
2017-04-19,75.30000305175781
2017-04-20,75.5999984741211
2017-04-21,75.5
2017-04-24,75.25
2017-04-25,75.19999694824219
2017-04-26,75.3499984741211
2017-04-27,75.44999694824219
2017-04-28,75.44999694824219
2017-05-01,74.55000305175781
2017-05-02,74.30000305175781
2017-05-03,74.05000305175781
2017-05-04,73.5
2017-05-05,73.44999694824219
2017-05-08,72.6500015258789
2017-05-09,72.75
2017-05-10,73.05000305175781
2017-05-11,72.75
2017-05-12,72.75
2017-05-15,73.0
2017-05-16,73.4000015258789
2017-05-17,74.0
2017-05-18,74.0999984741211
2017-05-19,74.25
2017-05-22,74.44999694824219
2017-05-23,74.4000015258789
2017-05-24,74.3499984741211
2017-05-25,74.30000305175781
2017-05-26,74.55000305175781
2017-05-30,77.80000305175781
2017-05-31,76.80000305175781
2017-06-01,77.25
2017-06-02,77.30000305175781
2017-06-05,78.25
2017-06-06,77.80000305175781
2017-06-07,77.9000015258789
2017-06-08,78.6500015258789
2017-06-09,78.5999984741211
2017-06-12,78.5
2017-06-13,78.44999694824219
2017-06-14,78.0
2017-06-15,78.4000015258789
2017-06-16,78.5999984741211
2017-06-19,79.0999984741211
2017-06-20,79.0
2017-06-21,79.05000305175781
2017-06-22,78.8499984741211
2017-06-23,78.9000015258789
2017-06-26,79.0
2017-06-27,79.0
2017-06-28,79.0
2017-06-29,79.0
2017-06-30,79.1500015258789
2017-07-03,80.6500015258789
2017-07-05,84.05000305175781
2017-07-06,85.6500015258789
2017-07-07,85.4000015258789
2017-07-10,84.55000305175781
2017-07-11,84.6500015258789
2017-07-12,84.30000305175781
2017-07-13,83.30000305175781
2017-07-14,83.30000305175781
2017-07-17,83.44999694824219
2017-07-18,83.55000305175781
2017-07-19,83.05000305175781
2017-07-20,83.4000015258789
2017-07-21,83.5999984741211
2017-07-24,83.3499984741211
2017-07-25,83.55000305175781
2017-07-26,83.5
2017-07-27,83.5
2017-07-28,83.44999694824219
2017-07-31,83.30000305175781
2017-08-01,82.05000305175781
2017-08-02,82.19999694824219
2017-08-03,82.9000015258789
2017-08-04,83.55000305175781
2017-08-07,84.0
2017-08-08,83.5
2017-08-09,84.05000305175781
2017-08-10,84.4000015258789
2017-08-11,85.0999984741211
2017-08-14,85.4000015258789
2017-08-15,84.5999984741211
2017-08-16,85.30000305175781
2017-08-17,85.94999694824219
2017-08-18,85.55000305175781
2017-08-21,85.19999694824219
2017-08-22,85.25
2017-08-23,85.25
2017-08-24,85.1500015258789
2017-08-25,85.30000305175781
2017-08-28,88.5
2017-08-29,89.55000305175781
2017-08-30,89.19999694824219
2017-08-31,87.80000305175781
2017-09-01,88.0999984741211
2017-09-05,89.19999694824219
2017-09-06,89.19999694824219
2017-09-07,89.1500015258789
2017-09-08,89.8499984741211
2017-09-11,90.05000305175781
2017-09-12,90.19999694824219
2017-09-13,91.19999694824219
2017-09-14,91.75
2017-09-15,91.69999694824219
2017-09-18,91.6500015258789
2017-09-19,92.3499984741211
2017-09-20,92.25
2017-09-21,91.75
2017-09-22,91.80000305175781
2017-09-25,91.9000015258789
2017-09-26,91.6500015258789
2017-09-27,91.44999694824219
2017-09-28,91.4000015258789
2017-09-29,91.3499984741211
2017-10-02,90.80000305175781
2017-10-03,91.9000015258789
2017-10-04,92.6500015258789
2017-10-05,92.30000305175781
2017-10-06,90.94999694824219
2017-10-09,90.55000305175781
2017-10-10,90.9000015258789
2017-10-11,90.5
2017-10-12,91.30000305175781
2017-10-13,91.25
2017-10-16,92.0
2017-10-17,92.19999694824219
2017-10-18,92.5
2017-10-19,91.9000015258789
2017-10-20,92.0
2017-10-23,91.8499984741211
2017-10-24,91.94999694824219
2017-10-25,91.94999694824219
2017-10-26,92.0999984741211
2017-10-27,92.0
2017-10-30,92.94999694824219
2017-10-31,94.80000305175781
2017-11-01,95.25
2017-11-02,95.05000305175781
2017-11-03,94.0
2017-11-06,94.94999694824219
2017-11-07,94.9000015258789
2017-11-08,94.6500015258789
2017-11-09,94.69999694824219
2017-11-10,94.80000305175781
2017-11-13,94.8499984741211
2017-11-14,94.1500015258789
2017-11-15,93.8499984741211
2017-11-16,93.94999694824219
2017-11-17,93.6500015258789
2017-11-20,93.94999694824219
2017-11-21,93.80000305175781
2017-11-22,93.8499984741211
2017-11-24,93.94999694824219
2017-11-27,91.94999694824219
2017-11-28,92.05000305175781
2017-11-29,93.0
2017-11-30,92.75
2017-12-01,92.69999694824219
2017-12-04,93.5999984741211
2017-12-05,93.5
2017-12-06,93.6500015258789
2017-12-07,93.69999694824219
2017-12-08,94.3499984741211
2017-12-11,94.75
2017-12-12,95.30000305175781
2017-12-13,95.0
2017-12-14,95.1500015258789
2017-12-15,95.0999984741211
2017-12-18,95.0999984741211
2017-12-19,94.8499984741211
2017-12-20,94.8499984741211
2017-12-21,94.80000305175781
2017-12-22,94.80000305175781
2017-12-26,94.80000305175781
2017-12-27,94.75
2017-12-28,94.80000305175781
2017-12-29,94.5
2018-01-02,96.9000015258789
2018-01-03,96.5999984741211
2018-01-04,96.0999984741211
2018-01-05,96.4000015258789
2018-01-08,96.4000015258789
2018-01-09,96.0999984741211
2018-01-10,95.6500015258789
2018-01-11,95.4000015258789
2018-01-12,95.6500015258789
2018-01-16,95.3499984741211
2018-01-17,95.1500015258789
2018-01-18,95.0
2018-01-19,95.25
2018-01-22,95.3499984741211
2018-01-23,95.25
2018-01-24,95.19999694824219
2018-01-25,95.25
2018-01-26,95.25
2018-01-29,91.25
2018-01-30,90.9000015258789
2018-01-31,89.5999984741211
2018-02-01,87.8499984741211
2018-02-02,88.44999694824219
2018-02-05,87.0999984741211
2018-02-06,85.6500015258789
2018-02-07,85.8499984741211
2018-02-08,83.8499984741211
2018-02-09,82.4000015258789
2018-02-12,82.5999984741211
2018-02-13,84.5
2018-02-14,85.0
2018-02-15,84.80000305175781
2018-02-16,84.69999694824219
2018-02-20,85.5999984741211
2018-02-21,85.6500015258789
2018-02-22,86.05000305175781
2018-02-23,85.75
2018-02-26,83.5
2018-02-27,82.0
2018-02-28,81.55000305175781
2018-03-01,79.3499984741211
2018-03-02,78.94999694824219
2018-03-05,80.0
2018-03-06,81.0999984741211
2018-03-07,81.30000305175781
2018-03-08,81.0999984741211
2018-03-09,81.30000305175781
2018-03-12,80.8499984741211
2018-03-13,81.25
2018-03-14,81.0
2018-03-15,80.94999694824219
2018-03-16,79.9000015258789
2018-03-19,79.5
2018-03-20,80.4000015258789
2018-03-21,80.05000305175781
2018-03-22,79.94999694824219
2018-03-23,79.8499984741211
2018-03-26,79.6500015258789
2018-03-27,79.69999694824219
2018-03-28,79.55000305175781
2018-03-29,79.44999694824219
2018-04-02,79.19999694824219
2018-04-03,80.0999984741211
2018-04-04,79.9000015258789
2018-04-05,80.6500015258789
2018-04-06,81.0999984741211
2018-04-09,82.0999984741211
2018-04-10,82.0
2018-04-11,82.0999984741211
2018-04-12,81.9000015258789
2018-04-13,81.9000015258789
2018-04-16,81.9000015258789
2018-04-17,81.25
2018-04-18,81.1500015258789
2018-04-19,81.80000305175781
2018-04-20,81.80000305175781
2018-04-23,81.75
2018-04-24,81.5999984741211
2018-04-25,81.6500015258789
2018-04-26,81.69999694824219
2018-04-27,81.80000305175781
2018-04-30,85.25
2018-05-01,85.55000305175781
2018-05-02,84.9000015258789
2018-05-03,85.0999984741211
2018-05-04,85.25
2018-05-07,85.25
2018-05-08,86.0999984741211
2018-05-09,87.0999984741211
2018-05-10,87.75
2018-05-11,88.4000015258789
2018-05-14,89.55000305175781
2018-05-15,89.44999694824219
2018-05-16,89.5999984741211
2018-05-17,89.94999694824219
2018-05-18,89.5999984741211
2018-05-21,89.5999984741211
2018-05-22,89.5999984741211
2018-05-23,89.55000305175781
2018-05-24,89.5999984741211
2018-05-25,89.44999694824219
2018-05-29,94.0999984741211
2018-05-30,95.69999694824219
2018-05-31,95.0
2018-06-01,95.3499984741211
2018-06-04,95.80000305175781
2018-06-05,94.9000015258789
2018-06-06,94.80000305175781
2018-06-07,95.4000015258789
2018-06-08,95.5
2018-06-11,96.1500015258789
2018-06-12,96.80000305175781
2018-06-13,96.75
2018-06-14,96.75
2018-06-15,96.6500015258789
2018-06-18,96.80000305175781
2018-06-19,97.0
2018-06-20,96.44999694824219
2018-06-21,96.0
2018-06-22,96.0
2018-06-25,96.0
2018-06-26,96.0
2018-06-27,96.0
2018-06-28,96.05000305175781
2018-06-29,96.44999694824219
2018-07-02,98.8499984741211
2018-07-03,99.44999694824219
2018-07-05,100.4000015258789
2018-07-06,100.0999984741211
2018-07-09,101.94999694824219
2018-07-10,102.25
2018-07-11,102.4000015258789
2018-07-12,101.5999984741211
2018-07-13,101.19999694824219
2018-07-16,100.69999694824219
2018-07-17,101.05000305175781
2018-07-18,101.6500015258789
2018-07-19,101.0
2018-07-20,100.44999694824219
2018-07-23,101.25
2018-07-24,101.19999694824219
2018-07-25,100.9000015258789
2018-07-26,101.0
2018-07-27,100.80000305175781
2018-07-30,94.8499984741211
2018-07-31,95.0999984741211
2018-08-01,95.0999984741211
2018-08-02,94.69999694824219
2018-08-03,94.44999694824219
2018-08-06,96.1500015258789
2018-08-07,96.75
2018-08-08,96.44999694824219
2018-08-09,96.3499984741211
2018-08-10,97.0
2018-08-13,97.69999694824219
2018-08-14,98.1500015258789
2018-08-15,97.5999984741211
2018-08-16,97.80000305175781
2018-08-17,98.19999694824219
2018-08-20,98.30000305175781
2018-08-21,97.6500015258789
2018-08-22,96.8499984741211
2018-08-23,96.94999694824219
2018-08-24,97.0
2018-08-27,97.0
2018-08-28,97.6500015258789
2018-08-29,97.69999694824219
2018-08-30,97.69999694824219
2018-08-31,97.6500015258789
2018-09-04,100.8499984741211
2018-09-05,101.55000305175781
2018-09-06,101.0
2018-09-07,99.80000305175781
2018-09-10,100.19999694824219
2018-09-11,100.94999694824219
2018-09-12,100.5
2018-09-13,100.4000015258789
2018-09-14,99.55000305175781
2018-09-17,99.3499984741211
2018-09-18,98.6500015258789
2018-09-19,100.30000305175781
2018-09-20,99.5999984741211
2018-09-21,100.19999694824219
2018-09-24,100.3499984741211
2018-09-25,100.3499984741211
2018-09-26,100.3499984741211
2018-09-27,100.19999694824219
2018-09-28,100.44999694824219
2018-10-01,101.9000015258789
2018-10-02,101.19999694824219
2018-10-03,100.0999984741211
2018-10-04,100.80000305175781
2018-10-05,101.25
2018-10-08,101.19999694824219
2018-10-09,100.80000305175781
2018-10-10,99.9000015258789
2018-10-11,99.19999694824219
2018-10-12,99.1500015258789
2018-10-15,99.0
2018-10-16,99.05000305175781
2018-10-17,99.30000305175781
2018-10-18,99.80000305175781
2018-10-19,100.4000015258789
2018-10-22,100.4000015258789
2018-10-23,100.44999694824219
2018-10-24,100.4000015258789
2018-10-25,100.4000015258789
2018-10-26,100.30000305175781
2018-10-29,99.1500015258789
2018-10-30,98.69999694824219
2018-10-31,97.44999694824219
2018-11-01,95.3499984741211
2018-11-02,96.0999984741211
2018-11-05,94.9000015258789
2018-11-06,93.25
2018-11-07,94.0
2018-11-08,92.30000305175781
2018-11-09,91.75
2018-11-12,92.80000305175781
2018-11-13,91.44999694824219
2018-11-14,90.30000305175781
2018-11-15,90.0999984741211
2018-11-16,89.5999984741211
2018-11-19,88.80000305175781
2018-11-20,88.1500015258789
2018-11-21,88.05000305175781
2018-11-23,88.25
2018-11-26,88.3499984741211
2018-11-27,88.4000015258789
2018-11-28,88.4000015258789
2018-11-29,88.44999694824219
2018-11-30,88.5
2018-12-03,85.6500015258789
2018-12-04,85.8499984741211
2018-12-06,86.5
2018-12-07,86.55000305175781
2018-12-10,86.55000305175781
2018-12-11,86.94999694824219
2018-12-12,87.69999694824219
2018-12-13,87.9000015258789
2018-12-14,88.5
2018-12-17,88.8499984741211
2018-12-18,88.44999694824219
2018-12-19,88.4000015258789
2018-12-20,88.25
2018-12-21,88.05000305175781
2018-12-24,88.05000305175781
2018-12-26,88.05000305175781
2018-12-27,87.6500015258789
2018-12-28,87.44999694824219
2018-12-31,86.6500015258789
2019-01-02,85.44999694824219
2019-01-03,83.69999694824219
2019-01-04,83.3499984741211
2019-01-07,81.5999984741211
2019-01-08,82.1500015258789
2019-01-09,82.1500015258789
2019-01-10,82.30000305175781
2019-01-11,82.55000305175781
2019-01-14,82.0
2019-01-15,82.5
2019-01-16,83.0
2019-01-17,83.4000015258789
2019-01-18,83.19999694824219
2019-01-22,82.0
2019-01-23,82.0
2019-01-24,81.8499984741211
2019-01-25,81.80000305175781
2019-01-28,79.0
2019-01-29,79.75
2019-01-30,79.94999694824219
2019-01-31,79.1500015258789
2019-02-01,77.5
2019-02-04,76.5999984741211
2019-02-05,75.6500015258789
2019-02-06,76.0999984741211
2019-02-07,75.19999694824219
2019-02-08,74.1500015258789
2019-02-11,73.5999984741211
2019-02-12,73.30000305175781
2019-02-13,74.0
2019-02-14,73.8499984741211
2019-02-15,74.1500015258789
2019-02-19,74.1500015258789
2019-02-20,74.3499984741211
2019-02-21,74.25
2019-02-22,74.44999694824219
2019-02-25,73.4000015258789
2019-02-26,74.05000305175781
2019-02-27,75.25
2019-02-28,75.0
2019-03-01,74.69999694824219
2019-03-04,75.25
2019-03-05,74.5
2019-03-06,73.5999984741211
2019-03-07,73.25
2019-03-08,72.3499984741211
2019-03-11,72.4000015258789
2019-03-12,72.6500015258789
2019-03-13,71.80000305175781
2019-03-14,72.0
2019-03-15,71.44999694824219
2019-03-18,71.44999694824219
2019-03-19,71.25
2019-03-20,71.19999694824219
2019-03-21,70.9000015258789
2019-03-22,70.75
2019-03-25,70.69999694824219
2019-03-26,70.4000015258789
2019-03-27,70.1500015258789
2019-03-28,70.25
2019-03-29,69.55000305175781
2019-04-01,58.75
2019-04-02,56.349998474121094
2019-04-03,54.70000076293945
2019-04-04,56.150001525878906
2019-04-05,57.0
2019-04-08,58.70000076293945
2019-04-09,59.04999923706055
2019-04-10,59.650001525878906
2019-04-11,59.75
2019-04-12,59.75
2019-04-15,59.400001525878906
2019-04-16,59.400001525878906
2019-04-17,59.70000076293945
2019-04-18,59.5
2019-04-22,59.5
2019-04-23,59.599998474121094
2019-04-24,59.349998474121094
2019-04-25,59.400001525878906
2019-04-26,58.29999923706055
2019-04-29,59.0
2019-04-30,59.0
2019-05-01,58.5
2019-05-02,59.349998474121094
2019-05-03,60.849998474121094
2019-05-06,60.849998474121094
2019-05-07,59.95000076293945
2019-05-08,60.400001525878906
2019-05-09,59.20000076293945
2019-05-10,59.25
2019-05-13,58.45000076293945
2019-05-14,59.25
2019-05-15,58.900001525878906
2019-05-16,58.45000076293945
2019-05-17,58.400001525878906
2019-05-20,58.20000076293945
2019-05-21,58.20000076293945
2019-05-22,58.0
2019-05-23,57.75
2019-05-24,57.599998474121094
2019-05-28,57.099998474121094
2019-05-29,56.900001525878906
2019-05-30,56.79999923706055
2019-05-31,56.45000076293945
2019-06-03,51.70000076293945
2019-06-04,52.349998474121094
2019-06-05,51.599998474121094
2019-06-06,51.900001525878906
2019-06-07,52.45000076293945
2019-06-10,53.0
2019-06-11,51.29999923706055
2019-06-12,50.5
2019-06-13,50.29999923706055
2019-06-14,49.849998474121094
2019-06-17,49.349998474121094
2019-06-18,48.75
2019-06-19,48.70000076293945
2019-06-20,48.79999923706055
2019-06-21,48.900001525878906
2019-06-24,49.04999923706055
2019-06-25,48.95000076293945
2019-06-26,48.95000076293945
2019-06-27,49.099998474121094
2019-06-28,48.900001525878906
2019-07-01,50.599998474121094
2019-07-02,51.400001525878906
2019-07-03,52.79999923706055
2019-07-05,56.29999923706055
2019-07-08,57.04999923706055
2019-07-09,56.45000076293945
2019-07-10,57.900001525878906
2019-07-11,58.099998474121094
2019-07-12,57.849998474121094
2019-07-15,57.75
2019-07-16,57.29999923706055
2019-07-17,57.900001525878906
2019-07-18,57.70000076293945
2019-07-19,58.349998474121094
2019-07-22,58.20000076293945
2019-07-23,58.20000076293945
2019-07-24,58.20000076293945
2019-07-25,58.20000076293945
2019-07-26,58.349998474121094
2019-07-29,58.0
2019-07-30,57.900001525878906
2019-07-31,57.900001525878906
2019-08-01,58.849998474121094
2019-08-02,58.0
2019-08-05,57.0
2019-08-06,56.04999923706055
2019-08-07,56.099998474121094
2019-08-08,56.400001525878906
2019-08-09,56.25
2019-08-12,56.29999923706055
2019-08-13,56.45000076293945
2019-08-14,56.25
2019-08-15,56.0
2019-08-16,55.900001525878906
2019-08-19,55.79999923706055
2019-08-20,55.650001525878906
2019-08-21,55.29999923706055
2019-08-22,55.20000076293945
2019-08-23,55.29999923706055
2019-08-26,55.29999923706055
2019-08-27,55.04999923706055
2019-08-28,54.650001525878906
2019-08-29,54.70000076293945
2019-08-30,54.25
2019-09-03,56.95000076293945
2019-09-04,56.900001525878906
2019-09-05,57.400001525878906
2019-09-06,57.650001525878906
2019-09-09,58.400001525878906
2019-09-10,60.650001525878906
2019-09-11,60.5
2019-09-12,60.849998474121094
2019-09-13,60.95000076293945
2019-09-16,61.75
2019-09-17,61.54999923706055
2019-09-18,60.95000076293945
2019-09-19,60.95000076293945
2019-09-20,61.25
2019-09-23,60.79999923706055
2019-09-24,60.599998474121094
2019-09-25,60.25
2019-09-26,60.54999923706055
2019-09-27,60.349998474121094
2019-09-30,59.54999923706055
2019-10-01,60.0
2019-10-02,59.45000076293945
2019-10-03,59.25
2019-10-04,59.70000076293945
2019-10-07,60.29999923706055
2019-10-08,61.400001525878906
2019-10-09,60.849998474121094
2019-10-10,60.75
2019-10-11,60.70000076293945
2019-10-14,60.79999923706055
2019-10-15,60.5
2019-10-16,60.29999923706055
2019-10-17,60.25
2019-10-18,60.150001525878906
2019-10-21,60.20000076293945
2019-10-22,60.04999923706055
2019-10-23,59.95000076293945
2019-10-24,59.95000076293945
2019-10-25,59.79999923706055
2019-10-28,56.349998474121094
2019-10-29,56.400001525878906
2019-10-30,56.29999923706055
2019-10-31,56.5
2019-11-01,57.04999923706055
2019-11-04,56.79999923706055
2019-11-05,56.849998474121094
2019-11-06,55.79999923706055
2019-11-07,56.150001525878906
2019-11-08,55.75
2019-11-11,55.20000076293945
2019-11-12,55.400001525878906
2019-11-13,55.650001525878906
2019-11-14,56.04999923706055
2019-11-15,55.900001525878906
2019-11-18,55.04999923706055
2019-11-19,55.25
2019-11-20,55.75
2019-11-21,55.900001525878906
2019-11-22,56.0
2019-11-25,55.95000076293945
2019-11-26,56.0
2019-11-27,55.95000076293945
2019-11-29,56.04999923706055
2019-12-02,57.349998474121094
2019-12-03,56.400001525878906
2019-12-04,56.150001525878906
2019-12-05,54.900001525878906
2019-12-06,54.20000076293945
2019-12-09,53.849998474121094
2019-12-10,53.79999923706055
2019-12-11,53.5
2019-12-12,54.0
2019-12-13,53.650001525878906
2019-12-16,53.45000076293945
2019-12-17,53.650001525878906
2019-12-18,53.54999923706055
2019-12-19,53.54999923706055
2019-12-20,53.349998474121094
2019-12-23,53.400001525878906
2019-12-24,53.400001525878906
2019-12-26,53.400001525878906
2019-12-27,53.650001525878906
2019-12-30,52.79999923706055
2019-12-31,53.150001525878906
2020-01-02,52.54999923706055
2020-01-03,52.849998474121094
2020-01-06,52.5
2020-01-07,52.650001525878906
2020-01-08,52.5
2020-01-09,52.5
2020-01-10,53.0
2020-01-13,53.29999923706055
2020-01-14,52.20000076293945
2020-01-15,51.75
2020-01-16,50.849998474121094
2020-01-17,50.599998474121094
2020-01-21,50.25
2020-01-22,50.25
2020-01-23,50.29999923706055
2020-01-24,50.25
2020-01-27,50.349998474121094
2020-01-28,50.349998474121094
2020-01-29,50.400001525878906
2020-01-30,50.400001525878906
2020-01-31,50.400001525878906
2020-02-03,47.75
2020-02-04,48.79999923706055
2020-02-05,49.45000076293945
2020-02-06,49.0
2020-02-07,48.25
2020-02-10,47.54999923706055
2020-02-11,48.150001525878906
2020-02-12,48.75
2020-02-13,50.0
2020-02-14,50.5
2020-02-18,49.400001525878906
2020-02-19,49.20000076293945
2020-02-20,48.45000076293945
2020-02-21,48.349998474121094
2020-02-24,48.0
2020-02-25,48.04999923706055
2020-02-26,48.0
2020-02-27,48.150001525878906
2020-02-28,48.29999923706055
2020-03-02,46.849998474121094
2020-03-03,47.0
2020-03-04,47.099998474121094
2020-03-05,47.599998474121094
2020-03-06,47.099998474121094
2020-03-09,46.45000076293945
2020-03-10,46.400001525878906
2020-03-11,46.45000076293945
2020-03-12,46.20000076293945
2020-03-13,46.599998474121094
2020-03-16,46.54999923706055
2020-03-17,47.04999923706055
2020-03-18,47.29999923706055
2020-03-19,47.0
2020-03-20,47.45000076293945
2020-03-23,47.5
2020-03-24,47.849998474121094
2020-03-25,48.04999923706055
2020-03-26,47.95000076293945
2020-03-27,47.900001525878906
2020-03-30,50.95000076293945
2020-03-31,49.5
2020-04-01,48.0
2020-04-02,47.54999923706055
2020-04-03,46.45000076293945
2020-04-06,46.20000076293945
2020-04-07,47.04999923706055
2020-04-08,46.5
2020-04-09,46.75
2020-04-13,46.75
2020-04-14,45.70000076293945
2020-04-15,45.400001525878906
2020-04-16,45.5
2020-04-17,45.599998474121094
2020-04-20,45.599998474121094
2020-04-21,45.099998474121094
2020-04-22,45.20000076293945
2020-04-23,44.95000076293945
2020-04-24,44.95000076293945
2020-04-27,39.099998474121094
2020-04-28,38.70000076293945
2020-04-29,38.95000076293945
2020-04-30,39.95000076293945
2020-05-01,39.75
2020-05-04,39.0
2020-05-05,39.70000076293945
2020-05-06,40.0
2020-05-07,40.04999923706055
2020-05-08,40.04999923706055
2020-05-11,39.849998474121094
2020-05-12,39.349998474121094
2020-05-13,39.29999923706055
2020-05-14,39.150001525878906
2020-05-15,39.0
2020-05-18,39.20000076293945
2020-05-19,38.900001525878906
2020-05-20,38.75
2020-05-21,38.75
2020-05-22,38.650001525878906
2020-05-26,38.70000076293945
2020-05-27,38.70000076293945
2020-05-28,38.70000076293945
2020-05-29,38.599998474121094
2020-06-01,44.70000076293945
2020-06-02,46.650001525878906
2020-06-03,46.400001525878906
2020-06-04,45.75
2020-06-05,46.150001525878906
2020-06-08,45.79999923706055
2020-06-09,45.29999923706055
2020-06-10,44.75
2020-06-11,44.349998474121094
2020-06-12,44.70000076293945
2020-06-15,45.04999923706055
2020-06-16,44.849998474121094
2020-06-17,44.70000076293945
2020-06-18,44.79999923706055
2020-06-19,45.0
2020-06-22,45.150001525878906
2020-06-23,45.400001525878906
2020-06-24,45.5
2020-06-25,45.5
2020-06-26,45.599998474121094
2020-06-29,49.900001525878906
2020-06-30,49.650001525878906
2020-07-01,50.25
2020-07-02,50.849998474121094
2020-07-06,51.20000076293945
2020-07-07,50.650001525878906
2020-07-08,49.54999923706055
2020-07-09,49.20000076293945
2020-07-10,48.849998474121094
2020-07-13,48.75
2020-07-14,48.54999923706055
2020-07-15,49.0
2020-07-16,49.0
2020-07-17,49.29999923706055
2020-07-20,49.04999923706055
2020-07-21,49.599998474121094
2020-07-22,49.79999923706055
2020-07-23,49.70000076293945
2020-07-24,49.54999923706055
2020-07-27,49.5
2020-07-28,49.599998474121094
2020-07-29,49.650001525878906
2020-07-30,49.75
2020-07-31,49.900001525878906
2020-08-03,51.70000076293945
2020-08-04,51.599998474121094
2020-08-05,51.0
2020-08-06,50.29999923706055
2020-08-07,50.849998474121094
2020-08-10,50.54999923706055
2020-08-11,50.29999923706055
2020-08-12,49.650001525878906
2020-08-13,49.54999923706055
2020-08-14,49.400001525878906
2020-08-17,49.54999923706055
2020-08-18,49.349998474121094
2020-08-19,49.20000076293945
2020-08-20,48.849998474121094
2020-08-21,48.75
2020-08-24,48.79999923706055
2020-08-25,48.95000076293945
2020-08-26,48.95000076293945
2020-08-27,49.0
2020-08-28,49.04999923706055
2020-08-31,52.150001525878906
2020-09-01,52.599998474121094
2020-09-02,51.54999923706055
2020-09-03,51.599998474121094
2020-09-04,51.5
2020-09-08,51.25
2020-09-09,51.400001525878906
2020-09-10,51.70000076293945
2020-09-11,51.75
2020-09-14,51.849998474121094
2020-09-15,51.900001525878906
2020-09-16,52.04999923706055
2020-09-17,51.95000076293945
2020-09-18,52.04999923706055
2020-09-21,52.04999923706055
2020-09-22,52.099998474121094
2020-09-23,52.20000076293945
2020-09-24,52.45000076293945
2020-09-25,52.29999923706055
2020-09-28,57.29999923706055
2020-09-29,56.75
2020-09-30,57.25
2020-10-01,57.25
2020-10-02,56.400001525878906
2020-10-05,57.599998474121094
2020-10-06,57.75
2020-10-07,57.650001525878906
2020-10-08,57.70000076293945
2020-10-09,57.599998474121094
2020-10-12,56.849998474121094
2020-10-13,56.5
2020-10-14,56.650001525878906
2020-10-15,56.54999923706055
2020-10-16,56.900001525878906
2020-10-19,57.099998474121094
2020-10-20,57.0
2020-10-21,56.5
2020-10-22,56.849998474121094
2020-10-23,56.79999923706055
2020-10-26,56.599998474121094
2020-10-27,56.5
2020-10-28,56.29999923706055
2020-10-29,56.150001525878906
2020-10-30,56.349998474121094
2020-11-02,50.70000076293945
2020-11-03,51.099998474121094
2020-11-04,50.849998474121094
2020-11-05,51.45000076293945
2020-11-06,50.900001525878906
2020-11-09,51.04999923706055
2020-11-10,51.349998474121094
2020-11-11,51.45000076293945
2020-11-12,52.5
2020-11-13,52.79999923706055
2020-11-16,53.0
2020-11-17,52.849998474121094
2020-11-18,52.900001525878906
2020-11-19,52.849998474121094
2020-11-20,52.900001525878906
2020-11-23,53.20000076293945
2020-11-24,53.25
2020-11-25,53.599998474121094
2020-11-27,53.79999923706055
2020-11-30,61.0
2020-12-01,61.349998474121094
2020-12-02,62.0
2020-12-03,61.79999923706055
2020-12-04,63.099998474121094
2020-12-07,62.900001525878906
2020-12-08,62.95000076293945
2020-12-09,63.20000076293945
2020-12-10,64.0
2020-12-11,65.1500015258789
2020-12-14,65.44999694824219
2020-12-15,66.0999984741211
2020-12-16,65.75
2020-12-17,65.75
2020-12-18,66.0
2020-12-21,66.19999694824219
2020-12-22,66.1500015258789
2020-12-23,66.0999984741211
2020-12-24,66.19999694824219
2020-12-28,66.22000122070312
2020-12-29,66.22000122070312
2021-01-04,69.3499984741211
2021-01-05,65.0
2021-01-06,64.4000015258789
2021-01-07,66.5999984741211
2021-01-08,68.5
2021-01-11,68.44999694824219
2021-01-12,70.75
2021-01-13,70.25
2021-01-14,69.75
2021-01-15,68.4000015258789
2021-01-19,67.55000305175781
2021-01-20,67.5
2021-01-21,67.55000305175781
2021-01-22,67.55000305175781
2021-01-25,67.4000015258789
2021-01-26,67.5999984741211
2021-01-27,67.6500015258789
2021-01-28,67.75
2021-01-29,67.80000305175781
2021-02-01,65.19999694824219
2021-02-02,65.55000305175781
2021-02-03,63.70000076293945
2021-02-04,64.9000015258789
2021-02-05,66.5
2021-02-08,68.30000305175781
2021-02-09,68.55000305175781
2021-02-10,68.05000305175781
2021-02-11,67.1500015258789
2021-02-12,67.0
2021-02-16,65.55000305175781
2021-02-17,65.3499984741211
2021-02-18,65.3499984741211
2021-02-19,66.0
2021-02-22,66.0
2021-02-23,65.8499984741211
2021-02-24,65.75
2021-02-25,65.80000305175781
2021-02-26,65.9000015258789
2021-03-01,65.5
2021-03-02,66.1500015258789
2021-03-03,65.80000305175781
2021-03-04,65.1500015258789
2021-03-05,65.0999984741211
2021-03-08,65.55000305175781
2021-03-09,66.0
2021-03-10,66.05000305175781
2021-03-11,65.94999694824219
2021-03-12,66.0999984741211
2021-03-15,66.3499984741211
2021-03-16,66.3499984741211
2021-03-17,67.55000305175781
2021-03-18,68.0999984741211
2021-03-19,68.25
2021-03-22,68.5
2021-03-23,68.44999694824219
2021-03-24,68.4000015258789
2021-03-25,68.4000015258789
2021-03-26,68.44999694824219
2021-03-29,70.5
2021-03-30,70.0
2021-03-31,70.0999984741211
2021-04-01,70.25
2021-04-05,70.25
2021-04-06,70.4000015258789
2021-04-07,68.80000305175781
2021-04-08,67.05000305175781
2021-04-09,67.55000305175781
2021-04-12,68.44999694824219
2021-04-13,69.0
2021-04-14,69.30000305175781
2021-04-15,71.5999984741211
2021-04-16,71.69999694824219
2021-04-19,71.5
2021-04-20,71.3499984741211
2021-04-21,71.5999984741211
2021-04-22,71.6500015258789
2021-04-23,71.5
2021-04-26,71.6500015258789
2021-04-27,71.75
2021-04-28,71.69999694824219
2021-04-29,71.9000015258789
2021-04-30,71.75
2021-05-03,77.5999984741211
2021-05-04,78.55000305175781
2021-05-05,79.94999694824219
2021-05-06,81.69999694824219
2021-05-07,82.4000015258789
2021-05-10,83.8499984741211
2021-05-11,84.69999694824219
2021-05-12,85.8499984741211
2021-05-13,85.80000305175781
2021-05-14,85.44999694824219
2021-05-17,84.75
2021-05-18,84.5999984741211
2021-05-19,84.0
2021-05-20,84.6500015258789
2021-05-21,85.25
2021-05-24,85.44999694824219
2021-05-25,85.69999694824219
2021-05-26,85.9000015258789
2021-05-27,85.9000015258789
2021-05-28,86.0999984741211
2021-06-01,95.9000015258789
2021-06-02,96.0
2021-06-03,100.44999694824219
2021-06-04,101.25
2021-06-07,105.94999694824219
2021-06-08,105.8499984741211
2021-06-09,108.25
2021-06-10,110.0
2021-06-11,110.0999984741211
2021-06-14,108.8499984741211
2021-06-15,108.0
2021-06-16,107.9000015258789
2021-06-17,107.80000305175781
2021-06-18,107.75
2021-06-21,107.3499984741211
2021-06-22,107.44999694824219
2021-06-23,107.3499984741211
2021-06-24,107.94999694824219
2021-06-25,108.4000015258789
2021-06-28,112.05000305175781
2021-06-29,115.0999984741211
2021-06-30,120.75
2021-07-01,122.30000305175781
2021-07-02,123.5999984741211
2021-07-06,123.6500015258789
2021-07-07,124.5999984741211
2021-07-08,125.55000305175781
2021-07-09,126.80000305175781
2021-07-12,127.0
2021-07-13,131.5
2021-07-14,131.35000610351562
2021-07-15,131.89999389648438
2021-07-16,132.64999389648438
2021-07-19,133.1999969482422
2021-07-20,132.1999969482422
2021-07-21,132.85000610351562
2021-07-22,132.1999969482422
2021-07-23,132.4499969482422
2021-07-26,132.39999389648438
2021-07-27,132.75
2021-07-28,132.89999389648438
2021-07-29,132.35000610351562
2021-07-30,132.8000030517578
2021-08-02,139.85000610351562
2021-08-03,140.10000610351562
2021-08-04,141.10000610351562
2021-08-05,141.60000610351562
2021-08-06,143.75
2021-08-09,144.6999969482422
2021-08-10,146.10000610351562
2021-08-11,148.10000610351562
2021-08-12,148.9499969482422
2021-08-13,149.64999389648438
2021-08-16,151.8000030517578
2021-08-17,150.0500030517578
2021-08-18,150.14999389648438
2021-08-19,144.25
2021-08-20,146.5
2021-08-23,148.35000610351562
2021-08-24,149.0
2021-08-25,148.89999389648438
2021-08-26,149.0
2021-08-27,148.85000610351562
2021-08-30,149.14999389648438
2021-08-31,154.60000610351562
2021-09-01,157.89999389648438
2021-09-02,162.14999389648438
2021-09-03,165.25
2021-09-07,168.8000030517578
2021-09-08,168.8000030517578
2021-09-09,169.64999389648438
2021-09-10,170.9499969482422
2021-09-13,172.0
2021-09-14,171.35000610351562
2021-09-15,169.35000610351562
2021-09-16,167.1999969482422
2021-09-17,168.75
2021-09-20,171.10000610351562
2021-09-21,171.14999389648438
2021-09-22,171.9499969482422
2021-09-23,172.5
2021-09-24,173.0500030517578
2021-09-27,201.35000610351562
2021-09-28,201.35000610351562
2021-09-29,210.0
2021-09-30,218.10000610351562
2021-10-01,233.60000610351562
2021-10-04,246.5
2021-10-05,274.0
2021-10-06,237.14999389648438
2021-10-07,237.10000610351562
2021-10-08,230.0
2021-10-11,240.14999389648438
2021-10-12,243.14999389648438
2021-10-13,244.9499969482422
2021-10-14,243.75
2021-10-15,240.0
2021-10-18,238.64999389648438
2021-10-19,237.0
2021-10-20,232.5
2021-10-21,228.5
2021-10-22,229.75
2021-10-25,234.14999389648438
2021-10-26,234.0
2021-10-27,232.85000610351562
2021-10-28,234.5500030517578
2021-10-29,231.35000610351562
2021-11-01,138.75
2021-11-02,139.85000610351562
2021-11-03,149.5
2021-11-04,148.0
2021-11-05,148.0
2021-11-08,158.0
2021-11-09,152.0
2021-11-10,142.5
2021-11-11,141.5
2021-11-12,139.5
2021-11-15,139.5
2021-11-16,141.6999969482422
2021-11-17,142.5
2021-11-18,144.75
2021-11-19,145.25
2021-11-22,146.35000610351562
2021-11-23,150.0
2021-11-24,149.39999389648438
2021-11-26,144.8000030517578
2021-11-29,121.55000305175781
2021-11-30,111.75
2021-12-01,125.1500015258789
2021-12-02,124.25
2021-12-03,121.0
2021-12-06,122.0
2021-12-07,129.0500030517578
2021-12-08,134.5
2021-12-09,134.89999389648438
2021-12-10,135.6999969482422
2021-12-13,137.3000030517578
2021-12-14,141.0
2021-12-15,141.5
2021-12-16,147.25
2021-12-17,146.0
2021-12-20,148.75
2021-12-21,147.39999389648438
2021-12-22,147.35000610351562
2021-12-23,143.5
2021-12-27,143.5
2021-12-28,143.0
2021-12-29,138.75
2021-12-30,138.5
2021-12-31,136.75
2022-01-03,119.0
2022-01-04,130.0500030517578
2022-01-05,137.39999389648438
2022-01-06,143.14999389648438
2022-01-07,138.5
2022-01-10,138.75
2022-01-11,135.0
2022-01-12,139.0
2022-01-13,148.60000610351562
2022-01-14,154.35000610351562
2022-01-18,162.0
2022-01-19,161.75
2022-01-20,160.0
2022-01-21,162.0
2022-01-24,163.35000610351562
2022-01-25,164.25
2022-01-26,165.6999969482422
2022-01-27,165.64999389648438
2022-01-28,167.1999969482422
2022-01-31,178.25
2022-02-01,174.5
2022-02-02,177.39999389648438
2022-02-03,177.64999389648438
2022-02-04,183.0
2022-02-07,182.14999389648438
2022-02-08,186.0
2022-02-09,187.5
2022-02-10,188.0
2022-02-11,189.5
2022-02-14,191.5
2022-02-15,186.75
2022-02-16,183.64999389648438
2022-02-17,184.0
2022-02-18,185.0
2022-02-22,189.0
2022-02-23,190.75
2022-02-24,192.0
2022-02-25,194.5
2022-02-28,254.64999389648438
2022-03-01,321.0
2022-03-02,436.0
2022-03-03,352.5
2022-03-04,433.3500061035156
2022-03-07,416.0
2022-03-08,438.3500061035156
2022-03-09,412.5
2022-03-10,363.3500061035156
2022-03-11,362.5
2022-03-14,356.0
2022-03-15,341.0
2022-03-16,310.0
2022-03-17,310.0
2022-03-18,330.0
2022-03-21,315.0
2022-03-22,323.0
2022-03-23,326.0
2022-03-24,325.0
2022-03-25,325.25
2022-03-28,270.0
2022-03-29,268.5
2022-03-30,271.5
2022-03-31,273.3500061035156
2022-04-01,265.0
2022-04-04,263.6499938964844
2022-04-05,294.3500061035156
2022-04-06,291.3500061035156
2022-04-07,282.3999938964844
2022-04-08,292.6499938964844
2022-04-11,300.0
2022-04-12,319.6499938964844
2022-04-13,321.3500061035156
2022-04-14,321.3500061035156
2022-04-18,321.3500061035156
2022-04-19,322.3500061035156
2022-04-20,327.6499938964844
2022-04-21,326.6000061035156
2022-04-22,326.75
2022-04-25,325.5
2022-04-26,324.6499938964844
2022-04-27,324.3500061035156
2022-04-28,322.6499938964844
2022-04-29,319.25
2022-05-02,259.1499938964844
2022-05-03,283.0
2022-05-04,311.6499938964844
2022-05-05,320.0
2022-05-06,319.0
2022-05-09,310.8500061035156
2022-05-10,313.0
2022-05-11,318.5
2022-05-12,325.3500061035156
2022-05-13,318.3500061035156
2022-05-16,325.1499938964844
2022-05-17,329.5
2022-05-18,329.0
2022-05-19,332.0
2022-05-20,335.0
2022-05-23,331.75
2022-05-24,331.0
2022-05-25,330.0
2022-05-26,330.5
2022-05-27,328.1499938964844
2022-05-31,328.3500061035156
2022-06-01,323.5
2022-06-02,323.5
2022-06-03,323.5
2022-06-06,330.0
2022-06-07,326.25
2022-06-08,324.5
2022-06-09,321.6499938964844
2022-06-10,317.5
2022-06-13,317.5
2022-06-14,324.0
2022-06-15,328.0
2022-06-16,331.3500061035156
2022-06-17,335.5
2022-06-21,345.5
2022-06-22,345.0
2022-06-23,347.0
2022-06-24,352.8999938964844
2022-06-27,369.5
2022-06-28,365.5
2022-06-29,364.5
2022-06-30,370.3500061035156
2022-07-01,367.0
2022-07-05,379.5
2022-07-06,385.5
2022-07-07,385.0
2022-07-08,388.5
2022-07-11,390.0
2022-07-12,394.5
2022-07-13,394.5
2022-07-14,392.0
2022-07-15,384.5
2022-07-18,374.6499938964844
2022-07-19,371.0
2022-07-20,376.0
2022-07-21,375.0
2022-07-22,376.5
2022-07-25,387.0
2022-07-26,388.3500061035156
2022-07-27,389.3500061035156
2022-07-28,390.0
2022-07-29,389.0
2022-08-01,365.5
2022-08-02,363.6499938964844
2022-08-03,352.8500061035156
2022-08-04,327.3500061035156
2022-08-05,313.6499938964844
2022-08-08,313.5
2022-08-09,327.6499938964844
2022-08-10,343.3500061035156
2022-08-11,344.3500061035156
2022-08-12,348.0
2022-08-15,353.3500061035156
2022-08-16,355.3500061035156
2022-08-17,361.0
2022-08-18,364.3500061035156
2022-08-19,373.3500061035156
2022-08-22,376.75
2022-08-23,376.0
2022-08-24,369.0
2022-08-25,366.3500061035156
2022-08-26,364.8500061035156
2022-08-29,383.0
2022-08-30,362.1000061035156
2022-08-31,364.54998779296875
2022-09-01,369.0
2022-09-02,373.8999938964844
2022-09-06,381.0
2022-09-07,360.0
2022-09-08,348.0
2022-09-09,338.0
2022-09-12,329.0
2022-09-13,336.0
2022-09-14,336.0
2022-09-15,337.0
2022-09-16,332.5
2022-09-19,334.0
2022-09-20,327.6499938964844
2022-09-21,327.5
2022-09-22,323.0
2022-09-23,327.0
2022-09-26,326.0
2022-09-27,327.5
2022-09-28,327.5
2022-09-29,328.25
2022-09-30,328.5
2022-10-03,314.0
2022-10-04,300.0
2022-10-05,293.75
2022-10-06,265.5
2022-10-07,262.0
2022-10-10,262.5
2022-10-11,266.1499938964844
2022-10-12,280.0
2022-10-13,273.5
2022-10-14,274.5
2022-10-17,269.5
2022-10-18,266.6499938964844
2022-10-19,267.0
2022-10-20,270.0
2022-10-21,269.75
2022-10-24,267.5
2022-10-25,269.25
2022-10-26,269.0
2022-10-27,268.3500061035156
2022-10-28,275.0799865722656
2022-10-31,221.0
2022-11-01,225.5
2022-11-02,231.25
2022-11-03,222.0
2022-11-04,215.64999389648438
2022-11-07,203.0
2022-11-08,192.75
2022-11-09,188.0
2022-11-10,194.64999389648438
2022-11-11,193.0
2022-11-14,195.0
2022-11-15,203.0
2022-11-16,198.0
2022-11-17,202.5
2022-11-18,210.0
2022-11-21,217.5
2022-11-22,213.14999389648438
2022-11-23,213.75
2022-11-25,213.64999389648438
2022-11-28,249.5
2022-11-29,259.5
2022-11-30,276.0
2022-12-01,265.5
2022-12-02,270.6499938964844
2022-12-05,263.0
2022-12-06,266.5
2022-12-07,263.0
2022-12-08,256.3999938964844
2022-12-09,260.0
2022-12-12,251.5
2022-12-13,248.0
2022-12-14,239.5
2022-12-15,238.5
2022-12-16,230.35000610351562
2022-12-19,231.0
2022-12-20,228.64999389648438
2022-12-21,229.0
2022-12-22,229.0
2022-12-23,229.0
2022-12-27,229.0
2022-12-28,227.85000610351562
2022-12-29,227.5
2022-12-30,227.89999389648438
2023-01-03,184.64999389648438
2023-01-04,178.5
2023-01-05,177.25
2023-01-06,171.85000610351562
2023-01-09,171.14999389648438
2023-01-10,171.0
2023-01-11,165.14999389648438
2023-01-12,174.75
2023-01-13,169.0
2023-01-17,170.0
2023-01-18,174.14999389648438
2023-01-19,175.39999389648438
2023-01-20,175.10000610351562
2023-01-23,172.39999389648438
2023-01-24,169.64999389648438
2023-01-25,166.14999389648438
2023-01-26,166.14999389648438
2023-01-27,167.5500030517578
2023-01-30,138.64999389648438
2023-01-31,136.5500030517578
2023-02-01,141.35000610351562
2023-02-02,136.64999389648438
2023-02-03,138.0
2023-02-06,139.5
2023-02-07,135.64999389648438
2023-02-08,128.85000610351562
2023-02-09,128.0
2023-02-10,131.0
2023-02-13,130.0
2023-02-14,134.0
2023-02-15,136.39999389648438
2023-02-16,136.85000610351562
2023-02-17,135.64999389648438
2023-02-21,136.64999389648438
2023-02-22,137.0
2023-02-23,139.0
2023-02-24,138.3000030517578
2023-02-27,148.64999389648438
2023-02-28,146.0
2023-03-01,146.14999389648438
2023-03-02,140.5
2023-03-03,131.25
2023-03-06,123.6500015258789
2023-03-07,124.6500015258789
2023-03-08,123.6500015258789
2023-03-09,127.6500015258789
2023-03-10,135.0
2023-03-13,137.14999389648438
2023-03-14,138.0
2023-03-15,136.0
2023-03-16,137.64999389648438
2023-03-17,135.0
2023-03-20,133.85000610351562
2023-03-21,138.64999389648438
2023-03-22,135.64999389648438
2023-03-23,135.64999389648438
2023-03-24,135.5
2023-03-27,136.35000610351562
2023-03-28,137.64999389648438
2023-03-29,137.85000610351562
2023-03-30,137.64999389648438
2023-03-31,138.3000030517578
2023-04-03,148.35000610351562
2023-04-04,143.35000610351562
2023-04-05,140.14999389648438
2023-04-06,135.64999389648438
2023-04-10,135.64999389648438
2023-04-11,130.25
2023-04-12,132.75
2023-04-13,134.1999969482422
2023-04-14,136.0
2023-04-17,136.14999389648438
2023-04-18,136.64999389648438
2023-04-19,137.35000610351562
2023-04-20,138.5
2023-04-21,138.39999389648438
2023-04-24,138.35000610351562
2023-04-25,140.0
2023-04-26,140.10000610351562
2023-04-27,139.89999389648438
2023-04-28,140.33999633789062
2023-05-01,136.25
2023-05-02,134.39999389648438
2023-05-03,128.64999389648438
2023-05-04,126.6500015258789
2023-05-05,126.8499984741211
2023-05-08,126.8499984741211
2023-05-09,125.25
2023-05-10,121.5
2023-05-11,119.3499984741211
2023-05-12,119.1500015258789
2023-05-15,118.5
2023-05-16,117.1500015258789
2023-05-17,117.8499984741211
2023-05-18,117.5999984741211
2023-05-19,118.4000015258789
2023-05-22,119.0
2023-05-23,119.0
2023-05-24,118.6500015258789
2023-05-25,118.5
2023-05-26,119.02999877929688
2023-05-30,93.25
2023-05-31,95.0999984741211
2023-06-01,93.8499984741211
2023-06-02,100.6500015258789
2023-06-05,110.8499984741211
2023-06-06,105.5
2023-06-07,109.75
2023-06-08,112.5
2023-06-09,116.1500015258789
2023-06-12,114.75
2023-06-13,116.25
2023-06-14,116.6500015258789
2023-06-15,116.3499984741211
2023-06-16,114.6500015258789
2023-06-20,116.75
2023-06-21,116.25
2023-06-22,115.6500015258789
2023-06-23,115.0
2023-06-26,114.6500015258789
2023-06-27,114.6500015258789
2023-06-28,114.6500015258789
2023-06-29,114.6500015258789
2023-06-30,115.58999633789062
2023-07-03,121.4000015258789
2023-07-05,123.3499984741211
2023-07-06,117.25
2023-07-07,115.6500015258789
2023-07-10,111.5
2023-07-11,105.9000015258789
2023-07-12,104.5
2023-07-13,103.75
2023-07-14,103.8499984741211
2023-07-17,104.1500015258789
2023-07-18,108.3499984741211
2023-07-19,108.5
2023-07-20,110.0
2023-07-21,110.5
2023-07-24,111.0
2023-07-25,110.8499984741211
2023-07-26,110.9000015258789
2023-07-27,110.9000015258789
2023-07-28,110.44999694824219
2023-07-31,106.0
2023-08-01,103.8499984741211
2023-08-02,105.1500015258789
2023-08-03,108.1500015258789
2023-08-04,108.0999984741211
2023-08-07,112.25
2023-08-08,115.0
2023-08-09,115.9000015258789
2023-08-10,115.3499984741211
2023-08-11,115.8499984741211
2023-08-14,115.05000305175781
2023-08-15,115.8499984741211
2023-08-16,115.0
2023-08-17,116.0
2023-08-18,116.1500015258789
2023-08-21,118.8499984741211
2023-08-22,118.75
2023-08-23,118.1500015258789
2023-08-24,118.0999984741211
2023-08-25,117.66000366210938
2023-08-28,122.5
2023-08-29,122.94999694824219
2023-08-30,122.25
2023-08-31,118.75
2023-09-01,116.6500015258789
2023-09-05,119.0
2023-09-06,116.1500015258789
2023-09-07,116.25
2023-09-08,116.1500015258789
2023-09-11,117.75
2023-09-12,118.3499984741211
2023-09-13,119.5999984741211
2023-09-14,120.5999984741211
2023-09-15,120.8499984741211
2023-09-18,121.5
2023-09-19,122.5
2023-09-20,122.5
2023-09-21,121.6500015258789
2023-09-22,122.1500015258789
2023-09-25,123.0
2023-09-26,123.0
2023-09-27,122.6500015258789
2023-09-28,122.6500015258789
2023-09-29,123.31999969482422
2023-10-02,124.0
2023-10-03,121.3499984741211
2023-10-04,119.30000305175781
2023-10-05,120.05000305175781
2023-10-06,122.80000305175781
2023-10-09,126.1500015258789
2023-10-10,130.25
2023-10-11,130.0
2023-10-12,134.25
2023-10-13,139.10000610351562
2023-10-16,138.85000610351562
2023-10-17,138.75
2023-10-18,138.25
2023-10-19,137.39999389648438
2023-10-20,138.0
2023-10-23,137.0
2023-10-24,135.25
2023-10-25,136.0
2023-10-26,135.60000610351562
2023-10-27,136.0800018310547
2023-10-30,128.1999969482422
2023-10-31,123.1500015258789
2023-11-01,122.5
2023-11-02,124.0
2023-11-03,124.5
2023-11-06,120.75
2023-11-07,121.0
2023-11-08,124.69999694824219
2023-11-09,126.6500015258789
2023-11-10,124.6500015258789
2023-11-13,124.5
2023-11-14,123.75
2023-11-15,123.1500015258789
2023-11-16,122.5
2023-11-17,121.75
2023-11-20,121.75
2023-11-21,122.4000015258789
2023-11-22,122.75
2023-11-24,123.55000305175781
2023-11-27,116.75
2023-11-28,114.3499984741211
2023-11-29,114.69999694824219
2023-11-30,118.44999694824219
2023-12-01,119.80000305175781
2023-12-04,119.0
2023-12-05,118.0
2023-12-06,120.4000015258789
2023-12-07,122.0
2023-12-08,122.75
2023-12-11,121.30000305175781
2023-12-12,117.6500015258789
2023-12-13,117.9000015258789
2023-12-14,118.0
2023-12-15,117.0
2023-12-18,116.8499984741211
2023-12-19,116.75
2023-12-20,116.25
2023-12-21,116.0
2023-12-22,115.8499984741211
2023-12-26,115.8499984741211
2023-12-27,117.5
2023-12-28,117.25
2023-12-29,117.55000305175781
2024-01-02,106.1500015258789
2024-01-03,109.25
2024-01-04,112.4000015258789
2024-01-05,115.25
2024-01-08,113.19999694824219
2024-01-09,111.1500015258789
2024-01-10,109.0
2024-01-11,107.25
2024-01-12,108.55000305175781
2024-01-16,108.0
2024-01-17,107.0
2024-01-18,106.9000015258789
2024-01-19,106.25
2024-01-22,105.55000305175781
2024-01-23,105.5
2024-01-24,105.9000015258789
2024-01-25,105.69999694824219
2024-01-26,106.06999969482422
2024-01-29,94.4000015258789
2024-01-30,96.0
2024-01-31,99.55000305175781
2024-02-01,97.44999694824219
2024-02-02,98.5
2024-02-05,98.19999694824219
2024-02-06,98.5
2024-02-07,98.5
2024-02-08,97.4000015258789
2024-02-09,96.0
2024-02-12,94.4000015258789
2024-02-13,94.0
2024-02-14,94.1500015258789
2024-02-15,94.5
2024-02-16,94.5
2024-02-20,94.75
2024-02-21,95.1500015258789
2024-02-22,95.6500015258789
2024-02-23,95.7699966430664
2024-02-26,98.69999694824219
2024-02-27,100.9000015258789
2024-02-28,103.6500015258789
2024-02-29,103.8499984741211
2024-03-01,107.0
2024-03-04,111.0
2024-03-05,112.5
2024-03-06,112.1500015258789
2024-03-07,110.75
2024-03-08,111.1500015258789
2024-03-11,109.0
2024-03-12,109.25
2024-03-13,109.5
2024-03-14,111.1500015258789
2024-03-15,112.3499984741211
2024-03-18,112.4000015258789
2024-03-19,112.6500015258789
2024-03-20,112.25
2024-03-21,112.4000015258789
2024-03-22,113.0
2024-03-25,113.75
2024-03-26,113.9000015258789
2024-03-27,114.05000305175781
2024-03-28,114.44000244140625
2024-04-01,119.75
2024-04-02,121.6500015258789
2024-04-03,118.9000015258789
2024-04-04,116.25
2024-04-05,117.94999694824219
2024-04-08,118.0
2024-04-09,117.9000015258789
2024-04-10,118.25
2024-04-11,120.75
2024-04-12,122.0
2024-04-15,120.69999694824219
2024-04-16,121.6500015258789
2024-04-17,120.1500015258789
2024-04-18,120.4000015258789
2024-04-19,119.9000015258789
2024-04-22,119.1500015258789
2024-04-23,119.0
2024-04-24,118.3499984741211
2024-04-25,118.6500015258789
2024-04-26,118.77999877929688
2024-04-29,101.3499984741211
2024-04-30,103.1500015258789
2024-05-01,105.5
2024-05-02,107.75
2024-05-03,107.0
2024-05-06,107.0
2024-05-07,108.75
2024-05-08,106.30000305175781
2024-05-09,107.25
2024-05-10,106.9000015258789
2024-05-13,105.75
2024-05-14,105.25
2024-05-15,105.5
2024-05-16,106.4000015258789
2024-05-17,105.0
2024-05-20,106.25
2024-05-21,106.5
2024-05-22,105.25
2024-05-23,105.6500015258789
2024-05-24,105.4000015258789
2024-05-28,105.5
2024-05-29,105.5
2024-05-30,105.5
2024-05-31,106.04000091552734
2024-06-03,118.94999694824219
2024-06-04,116.5
